timestamp,battery,humidity,motion,temperature
2025-09-15T14:24:43.288733+03:00,3.082,66.0,8025,25.72
2025-09-15T14:54:42.325655+03:00,3.08,66.4,8025,25.81
2025-09-15T15:24:41.839963+03:00,3.081,65.8,8025,25.89
2025-09-15T15:54:41.316783+03:00,3.082,64.1,8025,25.95
2025-09-15T16:24:40.748667+03:00,3.082,64.0,8025,25.99
2025-09-15T18:48:54.070727+03:00,3.082,62.9,8038,24.76
2025-09-15T18:54:38.177850+03:00,3.082,63.0,8039,24.75
2025-09-15T19:24:37.597529+03:00,3.083,65.0,8039,24.89
2025-09-15T19:51:47.150776+03:00,3.082,65.4,8040,25.08
2025-09-15T19:54:37.080194+03:00,3.083,65.2,8041,25.08
2025-09-15T20:24:36.591146+03:00,3.082,65.6,8041,25.21
2025-09-15T20:54:36.029114+03:00,3.083,65.5,8041,25.33
2025-09-15T20:55:55.860569+03:00,3.082,65.4,8042,25.34
2025-09-15T21:02:51.965469+03:00,3.082,65.3,8043,25.34
2025-09-15T21:24:35.504509+03:00,3.081,64.4,8050,25.27
2025-09-15T21:54:34.981195+03:00,3.083,64.9,8050,25.23
2025-09-15T22:24:34.470341+03:00,3.082,65.3,8050,25.21
2025-09-15T22:54:33.938296+03:00,3.083,65.6,8050,25.21
2025-09-15T23:24:33.447295+03:00,3.082,64.3,8050,25.09
2025-09-15T23:49:15.798014+03:00,3.083,65.1,8051,25.06
2025-09-15T23:54:32.925942+03:00,3.082,65.3,8062,25.06
2025-09-16T00:24:32.364357+03:00,3.082,65.3,8062,25.08
2025-09-16T00:30:54.101074+03:00,3.085,65.4,8063,25.09
2025-09-16T00:54:31.873268+03:00,3.082,64.8,8064,25.1
2025-09-16T01:24:31.322480+03:00,3.084,65.0,8064,25.08
2025-09-16T01:54:30.786865+03:00,3.082,64.9,8064,25.03
2025-09-16T02:24:30.262409+03:00,3.082,65.0,8064,24.97
2025-09-16T02:54:29.726083+03:00,3.082,65.0,8064,24.89
2025-09-16T03:24:29.203910+03:00,3.082,65.0,8064,24.9
2025-09-16T03:54:28.680529+03:00,3.084,65.1,8064,24.85
2025-09-16T03:56:08.761864+03:00,3.082,65.1,8065,24.83
2025-09-16T04:24:28.151951+03:00,3.084,65.0,8066,24.79
2025-09-16T04:41:10.732760+03:00,3.083,65.2,8067,24.79
2025-09-16T04:54:27.670220+03:00,3.083,65.3,8073,24.81
2025-09-16T05:13:55.199193+03:00,3.083,65.3,8074,24.81
2025-09-16T05:21:50.488249+03:00,3.082,65.4,8075,24.81
2025-09-16T05:24:27.114131+03:00,3.082,65.4,8076,24.81
2025-09-16T05:24:55.455558+03:00,3.083,65.5,8077,24.83
2025-09-16T05:28:13.375224+03:00,3.083,66.1,8081,24.82
2025-09-16T05:31:01.200192+03:00,3.082,66.0,8088,24.82
2025-09-16T05:33:46.844196+03:00,3.083,66.1,8097,24.86
2025-09-16T05:54:26.624891+03:00,3.084,65.4,8099,24.82
2025-09-16T06:34:45.567849+03:00,3.083,65.6,8100,24.83
2025-09-16T06:53:48.036390+03:00,3.084,63.9,8103,24.79
2025-09-16T06:54:25.533718+03:00,3.083,63.8,8103,24.78
2025-09-16T06:57:27.784126+03:00,3.084,63.7,8104,24.78
2025-09-16T06:59:28.428620+03:00,3.083,64.6,8124,24.75
2025-09-16T07:01:28.935252+03:00,3.083,65.0,8149,24.76
2025-09-16T07:03:29.195179+03:00,3.083,64.6,8159,24.74
2025-09-16T07:05:32.924148+03:00,3.084,64.7,8165,24.75
2025-09-16T07:08:31.903600+03:00,3.083,64.6,8167,24.72
2025-09-16T07:11:56.903404+03:00,3.083,64.7,8169,24.72
2025-09-16T07:14:59.731155+03:00,3.082,65.0,8171,24.72
2025-09-16T07:24:25.030272+03:00,3.083,64.9,8171,24.74
2025-09-16T07:28:43.856953+03:00,3.083,64.6,8172,24.69
2025-09-16T07:38:32.304838+03:00,3.084,64.7,8177,24.71
2025-09-16T07:47:03.999398+03:00,3.083,64.4,8178,24.66
2025-09-16T07:47:10.667680+03:00,3.084,64.4,8179,24.69
2025-09-16T07:49:28.707422+03:00,3.083,64.5,8184,24.66
2025-09-16T07:54:24.533130+03:00,3.083,64.5,8188,24.62
2025-09-16T08:24:23.995341+03:00,3.082,65.4,8188,24.48
2025-09-16T08:43:46.409674+03:00,3.083,65.7,8189,24.44
2025-09-16T08:47:09.807058+03:00,3.082,65.9,8191,24.44
2025-09-16T09:24:22.926390+03:00,3.081,67.3,8214,24.04
2025-09-16T09:54:27.702543+03:00,3.084,67.4,8214,24.14
2025-09-16T10:04:04.452923+03:00,3.082,67.4,8215,24.23
2025-09-16T10:06:43.605356+03:00,3.083,67.4,8216,24.26
2025-09-16T10:10:30.945784+03:00,3.082,67.4,8220,24.31
2025-09-16T10:16:20.440677+03:00,3.082,67.4,8221,24.37
2025-09-16T10:54:26.612365+03:00,3.082,67.1,8248,25.26
2025-09-16T11:54:25.605670+03:00,3.084,65.8,8248,25.68
2025-09-16T12:24:25.082481+03:00,3.082,65.1,8248,25.86
2025-09-16T12:54:24.553522+03:00,3.083,61.7,8248,26.23
2025-09-16T12:56:04.091608+03:00,3.082,61.2,8249,26.24
2025-09-16T12:58:17.562350+03:00,3.083,63.9,8292,26.53
2025-09-16T13:00:26.926099+03:00,3.082,61.2,8322,26.71
2025-09-16T13:02:27.872114+03:00,3.082,61.3,8327,26.6
2025-09-16T13:04:29.570033+03:00,3.083,61.1,8341,26.51
2025-09-16T13:08:11.454656+03:00,3.082,62.3,8353,26.33
2025-09-16T13:10:12.654810+03:00,3.083,62.4,8374,26.27
2025-09-16T13:12:19.921158+03:00,3.082,62.5,8392,26.22
2025-09-16T13:16:43.366378+03:00,3.082,62.6,8405,26.12
2025-09-16T13:18:52.009460+03:00,3.082,62.6,8410,26.11
2025-09-16T13:22:10.553014+03:00,3.082,62.8,8413,26.06
2025-09-16T13:24:24.006101+03:00,3.081,62.0,8415,26.05
2025-09-16T13:28:38.034655+03:00,3.083,62.7,8416,26.02
2025-09-16T13:37:03.706989+03:00,3.084,63.0,8424,25.98
2025-09-16T13:39:09.672746+03:00,3.082,62.7,8434,25.99
2025-09-16T13:41:36.843818+03:00,3.083,62.3,8436,25.96
2025-09-16T13:44:19.970860+03:00,3.082,61.9,8441,25.96
2025-09-16T13:46:37.655549+03:00,3.082,61.9,8446,25.93
2025-09-16T13:51:18.988423+03:00,3.082,62.6,8452,25.93
2025-09-16T13:54:23.505991+03:00,3.083,62.4,8452,25.93
2025-09-16T13:57:16.616514+03:00,3.083,62.1,8453,25.92
2025-09-16T13:59:44.887206+03:00,3.083,62.4,8461,25.93
2025-09-16T14:10:47.829653+03:00,3.084,62.2,8464,25.93
2025-09-16T14:24:22.983420+03:00,3.084,62.7,8467,25.92
2025-09-16T14:47:36.751815+03:00,3.083,63.4,8468,25.86
2025-09-16T14:54:22.457890+03:00,3.082,63.0,8470,25.86
2025-09-15T14:24:43+03:00,3.082,66.0,8025,25.72
2025-09-15T14:54:42+03:00,3.08,66.4,8025,25.81
2025-09-15T15:24:41+03:00,3.081,65.8,8025,25.89
2025-09-15T15:54:41+03:00,3.082,64.1,8025,25.95
2025-09-15T16:24:40+03:00,3.082,64.0,8025,25.99
2025-09-15T18:48:54+03:00,3.082,62.9,8038,24.76
2025-09-15T18:54:38+03:00,3.082,63.0,8039,24.75
2025-09-15T19:24:37+03:00,3.083,65.0,8039,24.89
2025-09-15T19:51:47+03:00,3.082,65.4,8040,25.08
2025-09-15T19:54:37+03:00,3.083,65.2,8041,25.08
2025-09-15T20:24:36+03:00,3.082,65.6,8041,25.21
2025-09-15T20:54:36+03:00,3.083,65.5,8041,25.33
2025-09-15T20:55:55+03:00,3.082,65.4,8042,25.34
2025-09-15T21:02:51+03:00,3.082,65.3,8043,25.34
2025-09-15T21:24:35+03:00,3.081,64.4,8050,25.27
2025-09-15T21:54:34+03:00,3.083,64.9,8050,25.23
2025-09-15T22:24:34+03:00,3.082,65.3,8050,25.21
2025-09-15T22:54:33+03:00,3.083,65.6,8050,25.21
2025-09-15T23:24:33+03:00,3.082,64.3,8050,25.09
2025-09-15T23:49:15+03:00,3.083,65.1,8051,25.06
2025-09-15T23:54:32+03:00,3.082,65.3,8062,25.06
2025-09-16T00:24:32+03:00,3.082,65.3,8062,25.08
2025-09-16T00:30:54+03:00,3.085,65.4,8063,25.09
2025-09-16T00:54:31+03:00,3.082,64.8,8064,25.1
2025-09-16T01:24:31+03:00,3.084,65.0,8064,25.08
2025-09-16T01:54:30+03:00,3.082,64.9,8064,25.03
2025-09-16T02:24:30+03:00,3.082,65.0,8064,24.97
2025-09-16T02:54:29+03:00,3.082,65.0,8064,24.89
2025-09-16T03:24:29+03:00,3.082,65.0,8064,24.9
2025-09-16T03:54:28+03:00,3.084,65.1,8064,24.85
2025-09-16T03:56:08+03:00,3.082,65.1,8065,24.83
2025-09-16T04:24:28+03:00,3.084,65.0,8066,24.79
2025-09-16T04:41:10+03:00,3.083,65.2,8067,24.79
2025-09-16T04:54:27+03:00,3.083,65.3,8073,24.81
2025-09-16T05:13:55+03:00,3.083,65.3,8074,24.81
2025-09-16T05:21:50+03:00,3.082,65.4,8075,24.81
2025-09-16T05:24:27+03:00,3.082,65.4,8076,24.81
2025-09-16T05:24:55+03:00,3.083,65.5,8077,24.83
2025-09-16T05:28:13+03:00,3.083,66.1,8081,24.82
2025-09-16T05:31:01+03:00,3.082,66.0,8088,24.82
2025-09-16T05:33:46+03:00,3.083,66.1,8097,24.86
2025-09-16T05:54:26+03:00,3.084,65.4,8099,24.82
2025-09-16T06:34:45+03:00,3.083,65.6,8100,24.83
2025-09-16T06:53:48+03:00,3.084,63.9,8103,24.79
2025-09-16T06:54:25+03:00,3.083,63.8,8103,24.78
2025-09-16T06:57:27+03:00,3.084,63.7,8104,24.78
2025-09-16T06:59:28+03:00,3.083,64.6,8124,24.75
2025-09-16T07:01:28+03:00,3.083,65.0,8149,24.76
2025-09-16T07:03:29+03:00,3.083,64.6,8159,24.74
2025-09-16T07:05:32+03:00,3.084,64.7,8165,24.75
2025-09-16T07:08:31+03:00,3.083,64.6,8167,24.72
2025-09-16T07:11:56+03:00,3.083,64.7,8169,24.72
2025-09-16T07:14:59+03:00,3.082,65.0,8171,24.72
2025-09-16T07:24:25+03:00,3.083,64.9,8171,24.74
2025-09-16T07:28:43+03:00,3.083,64.6,8172,24.69
2025-09-16T07:38:32+03:00,3.084,64.7,8177,24.71
2025-09-16T07:47:03+03:00,3.083,64.4,8178,24.66
2025-09-16T07:47:10+03:00,3.084,64.4,8179,24.69
2025-09-16T07:49:28+03:00,3.083,64.5,8184,24.66
2025-09-16T07:54:24+03:00,3.083,64.5,8188,24.62
2025-09-16T08:24:23+03:00,3.082,65.4,8188,24.48
2025-09-16T08:43:46+03:00,3.083,65.7,8189,24.44
2025-09-16T08:47:09+03:00,3.082,65.9,8191,24.44
2025-09-16T09:24:22+03:00,3.081,67.3,8214,24.04
2025-09-16T09:54:27+03:00,3.084,67.4,8214,24.14
2025-09-16T10:04:04+03:00,3.082,67.4,8215,24.23
2025-09-16T10:06:43+03:00,3.083,67.4,8216,24.26
2025-09-16T10:10:30+03:00,3.082,67.4,8220,24.31
2025-09-16T10:16:20+03:00,3.082,67.4,8221,24.37
2025-09-16T10:54:26+03:00,3.082,67.1,8248,25.26
2025-09-16T11:54:25+03:00,3.084,65.8,8248,25.68
2025-09-16T12:24:25+03:00,3.082,65.1,8248,25.86
2025-09-16T12:54:24+03:00,3.083,61.7,8248,26.23
2025-09-16T12:56:04+03:00,3.082,61.2,8249,26.24
2025-09-16T12:58:17+03:00,3.083,63.9,8292,26.53
2025-09-16T13:00:26+03:00,3.082,61.2,8322,26.71
2025-09-16T13:02:27+03:00,3.082,61.3,8327,26.6
2025-09-16T13:04:29+03:00,3.083,61.1,8341,26.51
2025-09-16T13:08:11+03:00,3.082,62.3,8353,26.33
2025-09-16T13:10:12+03:00,3.083,62.4,8374,26.27
2025-09-16T13:12:19+03:00,3.082,62.5,8392,26.22
2025-09-16T13:16:43+03:00,3.082,62.6,8405,26.12
2025-09-16T13:18:52+03:00,3.082,62.6,8410,26.11
2025-09-16T13:22:10+03:00,3.082,62.8,8413,26.06
2025-09-16T13:24:24+03:00,3.081,62.0,8415,26.05
2025-09-16T13:28:38+03:00,3.083,62.7,8416,26.02
2025-09-16T13:37:03+03:00,3.084,63.0,8424,25.98
2025-09-16T13:39:09+03:00,3.082,62.7,8434,25.99
2025-09-16T13:41:36+03:00,3.083,62.3,8436,25.96
2025-09-16T13:44:19+03:00,3.082,61.9,8441,25.96
2025-09-16T13:46:37+03:00,3.082,61.9,8446,25.93
2025-09-16T13:51:18+03:00,3.082,62.6,8452,25.93
2025-09-16T13:54:23+03:00,3.083,62.4,8452,25.93
2025-09-16T13:57:16+03:00,3.083,62.1,8453,25.92
2025-09-16T13:59:44+03:00,3.083,62.4,8461,25.93
2025-09-16T14:10:47+03:00,3.084,62.2,8464,25.93
2025-09-16T14:24:22+03:00,3.084,62.7,8467,25.92
2025-09-16T14:24:23+03:00,3.084,62.7,8467,25.92
2025-09-16T14:47:37+03:00,3.083,63.4,8468,25.86
2025-09-16T14:54:23+03:00,3.082,63.0,8470,25.86
2025-09-14T15:21:09+03:00,3.081,66.1,7761,25.86
2025-09-14T15:23:36+03:00,3.08,66.1,7763,25.85
2025-09-14T15:25:07+03:00,3.081,66.2,7766,25.86
2025-09-14T15:25:40+03:00,3.081,66.3,7767,25.85
2025-09-14T15:28:06+03:00,3.079,66.3,7768,25.88
2025-09-14T15:33:13+03:00,3.081,66.1,7774,25.86
2025-09-14T15:37:27+03:00,3.08,66.1,7781,25.86
2025-09-14T15:41:06+03:00,3.081,65.8,7783,25.86
2025-09-14T15:45:48+03:00,3.081,65.0,7784,25.88
2025-09-14T15:48:01+03:00,3.081,65.0,7789,25.88
2025-09-14T15:54:43+03:00,3.081,64.7,7797,25.91
2025-09-14T15:55:06+03:00,3.081,64.7,7798,25.88
2025-09-14T16:25:05+03:00,3.08,65.8,7798,25.69
2025-09-14T16:55:05+03:00,3.081,66.6,7798,25.58
2025-09-14T17:23:29+03:00,3.081,66.6,7799,25.45
2025-09-14T17:25:04+03:00,3.08,66.2,7800,25.44
2025-09-14T18:25:03+03:00,3.08,67.9,7802,25.26
2025-09-14T18:55:03+03:00,3.081,68.6,7802,25.21
2025-09-14T19:12:54+03:00,3.081,68.8,7803,25.24
2025-09-14T19:15:00+03:00,3.082,69.0,7805,25.24
2025-09-14T19:25:02+03:00,3.081,69.6,7812,25.24
2025-09-14T19:48:01+03:00,3.081,68.9,7825,25.24
2025-09-14T19:55:02+03:00,3.08,68.7,7827,25.31
2025-09-14T20:25:01+03:00,3.081,68.7,7827,25.4
2025-09-14T20:38:57+03:00,3.081,68.0,7828,25.38
2025-09-14T20:55:01+03:00,3.081,69.1,7829,25.34
2025-09-14T21:25:00+03:00,3.08,69.2,7829,25.37
2025-09-14T21:55:00+03:00,3.081,69.4,7829,25.45
2025-09-14T22:14:56+03:00,3.082,69.6,7830,25.47
2025-09-14T22:19:09+03:00,3.082,69.6,7831,25.48
2025-09-14T22:21:13+03:00,3.082,69.8,7839,25.47
2025-09-14T22:24:59+03:00,3.079,69.9,7847,25.48
2025-09-14T22:35:33+03:00,3.081,69.6,7848,25.47
2025-09-14T22:37:57+03:00,3.081,70.1,7850,25.5
2025-09-14T22:52:08+03:00,3.081,71.2,7854,25.51
2025-09-14T22:54:59+03:00,3.081,71.4,7860,25.52
2025-09-14T23:24:58+03:00,3.083,71.9,7860,25.51
2025-09-14T23:54:58+03:00,3.082,71.1,7860,25.44
2025-09-15T00:24:57+03:00,3.081,71.0,7860,25.44
2025-09-15T00:54:57+03:00,3.081,70.7,7860,25.47
2025-09-15T01:14:29+03:00,3.079,70.7,7861,25.51
2025-09-15T01:24:56+03:00,3.081,70.6,7862,25.51
2025-09-15T01:54:55+03:00,3.082,70.0,7862,25.51
2025-09-15T02:24:55+03:00,3.081,69.9,7862,25.52
2025-09-15T02:54:54+03:00,3.082,69.9,7862,25.51
2025-09-15T03:24:54+03:00,3.08,69.6,7862,25.47
2025-09-15T03:54:53+03:00,3.082,69.7,7862,25.45
2025-09-15T04:13:11+03:00,3.081,69.5,7863,25.42
2025-09-15T04:24:53+03:00,3.081,69.4,7864,25.41
2025-09-15T04:54:52+03:00,3.082,68.9,7864,25.31
2025-09-15T05:24:52+03:00,3.081,69.0,7864,25.26
2025-09-15T05:54:51+03:00,3.082,68.8,7864,25.16
2025-09-15T06:24:51+03:00,3.082,68.5,7864,24.99
2025-09-15T06:33:53+03:00,3.082,68.3,7865,24.96
2025-09-15T06:39:21+03:00,3.083,68.4,7866,24.92
2025-09-15T06:51:12+03:00,3.082,68.7,7870,24.92
2025-09-15T06:54:50+03:00,3.082,68.9,7870,24.9
2025-09-15T07:00:50+03:00,3.082,69.0,7871,24.9
2025-09-15T07:02:52+03:00,3.081,69.9,7893,24.9
2025-09-15T07:05:54+03:00,3.083,69.9,7913,24.92
2025-09-15T07:11:31+03:00,3.082,69.4,7930,24.93
2025-09-15T07:15:07+03:00,3.082,69.1,7932,24.92
2025-09-15T07:24:50+03:00,3.081,68.8,7934,24.95
2025-09-15T07:54:49+03:00,3.081,68.5,7934,24.93
2025-09-15T08:24:49+03:00,3.081,69.1,7934,24.93
2025-09-15T08:39:58+03:00,3.082,68.9,7935,24.99
2025-09-15T08:54:48+03:00,3.082,68.9,7941,24.97
2025-09-15T08:54:56+03:00,3.082,68.9,7942,24.96
2025-09-15T09:05:49+03:00,3.082,68.7,7943,24.99
2025-09-15T09:13:00+03:00,3.081,68.9,7946,24.99
2025-09-15T09:15:01+03:00,3.082,69.1,7967,24.99
2025-09-15T09:17:01+03:00,3.08,69.1,7988,25.02
2025-09-15T09:19:31+03:00,3.083,69.3,8005,25.0
2025-09-15T09:21:53+03:00,3.082,68.9,8016,25.0
2025-09-15T09:24:48+03:00,3.081,68.7,8025,25.0
2025-09-15T09:54:47+03:00,3.082,68.5,8025,25.02
2025-09-15T10:24:47+03:00,3.082,67.9,8025,25.06
2025-09-15T10:54:46+03:00,3.082,67.5,8025,25.1
2025-09-15T11:24:45+03:00,3.081,67.8,8025,25.16
2025-09-15T11:54:45+03:00,3.082,67.9,8025,25.24
2025-09-15T12:24:44+03:00,3.083,67.2,8025,25.36
2025-09-15T12:54:44+03:00,3.081,67.6,8025,25.45
2025-09-15T13:24:43+03:00,3.081,67.2,8025,25.54
2025-09-15T13:54:43+03:00,3.081,66.8,8025,25.67
2025-09-16T15:54:22+03:00,3.083,64.1,8470,25.84
2025-09-16T16:24:22+03:00,3.082,63.0,8470,26.05
2025-09-16T16:30:35+03:00,3.084,62.0,8471,26.18
2025-09-16T16:39:40+03:00,3.082,63.4,8483,26.16
2025-09-16T16:41:52+03:00,3.084,64.0,8500,26.18
2025-09-20T14:52:41+03:00,3.083,61.7,12437,26.55
2025-09-20T15:22:41+03:00,3.084,60.9,12437,26.49
2025-09-20T15:52:40+03:00,3.083,61.5,12437,26.44
2025-09-20T16:22:40+03:00,3.085,62.2,12437,26.43
2025-09-20T16:43:35+03:00,3.084,61.4,12438,26.41
2025-09-20T16:46:16+03:00,3.084,60.8,12451,26.37
2025-09-20T16:52:39+03:00,3.085,61.3,12459,26.39
2025-09-20T17:22:39+03:00,3.086,62.0,12459,26.33
2025-09-20T17:47:41+03:00,3.085,62.9,12460,26.19
2025-09-20T17:52:38+03:00,3.084,62.8,12464,26.12
2025-09-20T18:12:51+03:00,3.085,63.1,12465,26.06
2025-09-20T18:20:49+03:00,3.084,62.7,12468,26.03
2025-09-20T18:22:38+03:00,3.083,62.4,12472,26.06
2025-09-20T18:52:37+03:00,3.083,62.6,12472,25.86
2025-09-20T19:22:37+03:00,3.085,61.8,12472,25.72
2025-09-20T19:52:36+03:00,3.084,62.6,12472,25.57
2025-09-20T19:58:07+03:00,3.083,62.7,12473,25.54
2025-09-20T20:01:10+03:00,3.083,62.8,12478,25.52
2025-09-20T20:15:30+03:00,3.083,63.3,12481,25.54
2025-09-20T20:17:55+03:00,3.084,64.2,12483,25.56
2025-09-20T20:22:36+03:00,3.085,64.8,12485,25.56
2025-09-20T20:47:54+03:00,3.083,65.1,12486,25.6
2025-09-20T20:50:01+03:00,3.084,65.0,12496,25.57
2025-09-20T20:52:35+03:00,3.083,65.0,12498,25.61
2025-09-20T20:54:31+03:00,3.084,64.9,12499,25.6
2025-09-20T20:57:19+03:00,3.084,64.9,12508,25.6
2025-09-20T20:59:26+03:00,3.085,64.8,12522,25.63
2025-09-20T21:01:30+03:00,3.085,64.8,12529,25.63
2025-09-20T21:03:30+03:00,3.083,64.7,12540,25.63
2025-09-20T21:05:30+03:00,3.084,64.6,12549,25.64
2025-09-20T21:07:56+03:00,3.085,64.5,12556,25.65
2025-09-20T21:10:06+03:00,3.084,64.5,12559,25.64
2025-09-20T21:13:05+03:00,3.085,64.5,12564,25.64
2025-09-20T21:15:08+03:00,3.084,64.8,12582,25.63
2025-09-20T21:17:15+03:00,3.084,66.5,12592,25.65
2025-09-20T21:19:23+03:00,3.083,67.2,12598,25.67
2025-09-20T21:22:08+03:00,3.083,67.4,12607,25.67
2025-09-20T21:22:35+03:00,3.083,67.6,12608,25.68
2025-09-20T21:25:07+03:00,3.084,67.7,12612,25.69
2025-09-20T21:33:39+03:00,3.084,67.6,12616,25.69
2025-09-20T21:39:21+03:00,3.085,67.3,12622,25.72
2025-09-20T21:43:07+03:00,3.084,67.1,12625,25.71
2025-09-20T21:45:49+03:00,3.085,67.3,12629,25.69
2025-09-20T21:48:03+03:00,3.083,67.3,12640,25.68
2025-09-20T21:50:21+03:00,3.084,65.7,12658,25.69
2025-09-20T21:52:34+03:00,3.084,65.8,12667,25.69
2025-09-20T21:55:46+03:00,3.084,65.8,12668,25.71
2025-09-20T22:12:24+03:00,3.085,65.4,12671,25.68
2025-09-20T22:14:30+03:00,3.083,65.4,12676,25.71
2025-09-20T22:22:34+03:00,3.084,65.0,12678,25.69
2025-09-20T22:52:33+03:00,3.083,64.6,12684,25.68
2025-09-20T23:22:32+03:00,3.083,64.5,12684,25.54
2025-09-20T23:25:15+03:00,3.085,64.4,12685,25.57
2025-09-20T23:27:48+03:00,3.083,64.4,12688,25.57
2025-09-20T23:30:08+03:00,3.083,64.5,12690,25.57
2025-09-20T23:32:36+03:00,3.083,64.2,12704,25.54
2025-09-20T23:36:32+03:00,3.084,64.0,12714,25.54
2025-09-20T23:39:41+03:00,3.086,64.0,12715,25.51
2025-09-20T23:46:53+03:00,3.084,64.1,12719,25.47
2025-09-20T23:52:32+03:00,3.083,64.3,12725,25.45
2025-09-20T23:55:12+03:00,3.084,64.2,12726,25.44
2025-09-21T00:03:02+03:00,3.083,64.1,12735,25.38
2025-09-21T00:06:31+03:00,3.084,64.0,12740,25.4
2025-09-21T00:08:44+03:00,3.084,64.1,12750,25.4
2025-09-21T00:12:13+03:00,3.085,64.0,12752,25.37
2025-09-21T00:15:05+03:00,3.084,64.0,12755,25.36
2025-09-21T00:20:52+03:00,3.083,64.8,12764,25.36
2025-09-21T00:22:31+03:00,3.084,65.0,12779,25.4
2025-09-21T00:22:59+03:00,3.084,65.0,12782,25.36
2025-09-21T00:26:41+03:00,3.085,65.1,12790,25.4
2025-09-21T00:29:25+03:00,3.084,65.1,12793,25.41
2025-09-21T00:33:43+03:00,3.084,65.0,12798,25.4
2025-09-21T00:38:22+03:00,3.084,64.9,12801,25.41
2025-09-21T00:52:31+03:00,3.084,64.0,12806,25.33
2025-09-21T01:22:30+03:00,3.084,64.3,12806,25.31
2025-09-21T01:52:30+03:00,3.084,64.6,12806,25.23
2025-09-21T02:22:29+03:00,3.084,64.3,12806,25.21
2025-09-21T02:24:27+03:00,3.084,64.5,12807,25.2
2025-09-21T02:52:29+03:00,3.085,64.3,12807,25.17
2025-09-21T03:22:28+03:00,3.083,64.7,12807,25.09
2025-09-21T03:52:28+03:00,3.083,65.2,12807,25.05
2025-09-21T04:08:51+03:00,3.085,65.1,12808,24.93
2025-09-21T04:22:27+03:00,3.084,65.4,12809,24.87
2025-09-21T04:52:27+03:00,3.086,66.0,12809,24.75
2025-09-21T04:55:12+03:00,3.083,66.0,12810,24.75
2025-09-21T05:22:26+03:00,3.084,66.9,12819,24.76
2025-09-21T05:40:05+03:00,3.085,67.2,12820,24.78
2025-09-21T05:47:59+03:00,3.085,66.9,12821,24.78
2025-09-21T05:52:26+03:00,3.085,67.0,12821,24.76
2025-09-21T06:22:25+03:00,3.084,66.2,12821,24.72
2025-09-21T06:52:25+03:00,3.084,66.2,12821,24.66
2025-09-21T07:09:08+03:00,3.086,66.6,12822,24.65
2025-09-21T07:13:38+03:00,3.086,66.8,12836,24.69
2025-09-21T07:17:33+03:00,3.085,66.6,12840,24.71
2025-09-21T07:20:01+03:00,3.083,66.8,12853,24.74
2025-09-21T07:22:24+03:00,3.084,66.8,12859,24.74
2025-09-21T07:23:41+03:00,3.085,66.8,12860,24.75
2025-09-21T07:26:05+03:00,3.083,66.8,12863,24.75
2025-09-21T07:28:10+03:00,3.085,66.8,12869,24.78
2025-09-21T07:30:20+03:00,3.086,67.0,12875,24.78
2025-09-22T14:45:55+03:00,3.084,60.1,14990,26.68
2025-09-22T14:48:12+03:00,3.083,57.6,14998,26.44
2025-09-22T14:50:14+03:00,3.084,59.6,15010,26.36
2025-09-22T14:54:44+03:00,3.085,62.6,15033,25.92
2025-09-22T15:21:52+03:00,3.084,62.9,15034,25.52
2025-09-22T15:51:52+03:00,3.085,59.9,15034,25.26
2025-09-21T15:19:25+03:00,3.084,69.2,13371,26.13
2025-09-21T15:22:16+03:00,3.082,68.6,13376,26.07
2025-09-21T15:26:48+03:00,3.084,69.4,13377,26.07
2025-09-21T15:30:07+03:00,3.085,69.6,13382,26.06
2025-09-21T15:34:30+03:00,3.084,69.8,13387,26.06
2025-09-21T15:36:49+03:00,3.084,70.0,13396,26.06
2025-09-21T15:41:28+03:00,3.084,70.0,13404,26.06
2025-09-21T15:44:04+03:00,3.084,70.0,13407,26.06
2025-09-21T15:48:42+03:00,3.085,70.9,13409,26.03
2025-09-21T15:51:58+03:00,3.084,71.3,13414,25.99
2025-09-21T15:52:15+03:00,3.085,71.3,13414,26.0
2025-09-21T15:53:58+03:00,3.085,71.6,13422,25.93
2025-09-21T16:05:36+03:00,3.082,72.1,13525,26.02
2025-09-21T16:07:36+03:00,3.084,72.2,13549,25.99
2025-09-21T16:09:42+03:00,3.083,71.9,13560,26.02
2025-09-21T16:11:44+03:00,3.084,71.8,13583,26.03
2025-09-21T16:15:54+03:00,3.083,72.1,13632,26.05
2025-09-21T16:21:56+03:00,3.085,72.2,13660,26.06
2025-09-21T16:22:15+03:00,3.083,72.2,13664,26.07
2025-09-21T16:25:19+03:00,3.083,72.2,13671,26.07
2025-09-21T16:29:27+03:00,3.083,72.3,13698,26.09
2025-09-21T16:31:30+03:00,3.084,72.2,13701,26.07
2025-09-21T16:34:01+03:00,3.083,72.3,13707,26.12
2025-09-21T16:36:05+03:00,3.083,72.3,13716,26.09
2025-09-21T16:47:46+03:00,3.085,71.1,13727,26.13
2025-09-21T16:51:11+03:00,3.085,70.6,13735,26.15
2025-09-21T16:52:14+03:00,3.083,70.4,13738,26.13
2025-09-21T16:53:18+03:00,3.086,70.3,13743,26.15
2025-09-21T16:56:31+03:00,3.083,70.2,13747,26.13
2025-09-21T16:58:34+03:00,3.085,70.1,13760,26.12
2025-09-21T17:00:36+03:00,3.083,70.1,13772,26.13
2025-09-21T17:07:33+03:00,3.084,68.7,13787,26.07
2025-09-21T17:09:58+03:00,3.084,68.3,13795,26.09
2025-09-21T17:11:58+03:00,3.084,68.4,13814,26.06
2025-09-21T17:20:24+03:00,3.084,68.2,13883,26.09
2025-09-21T17:24:29+03:00,3.085,68.2,13910,26.11
2025-09-21T17:26:35+03:00,3.083,67.8,13926,26.11
2025-09-21T17:29:25+03:00,3.084,68.0,13942,26.11
2025-09-21T18:48:06+03:00,3.082,65.1,13976,26.39
2025-09-21T18:52:12+03:00,3.085,65.6,13979,26.4
2025-09-21T19:21:02+03:00,3.084,64.8,13984,26.33
2025-09-21T19:22:11+03:00,3.083,65.1,13987,26.31
2025-09-21T19:27:15+03:00,3.084,64.9,13989,26.34
2025-09-21T19:29:37+03:00,3.084,64.9,13999,26.33
2025-09-21T19:34:48+03:00,3.084,64.3,14003,26.31
2025-09-21T19:42:58+03:00,3.085,63.1,14007,26.33
2025-09-21T19:47:04+03:00,3.085,63.7,14009,26.24
2025-09-21T19:49:48+03:00,3.083,63.6,14010,26.22
2025-09-21T20:00:51+03:00,3.083,64.5,14014,26.24
2025-09-21T20:03:12+03:00,3.083,64.8,14019,26.29
2025-09-21T20:09:45+03:00,3.083,65.4,14053,26.23
2025-09-21T20:12:35+03:00,3.085,65.5,14061,26.24
2025-09-21T20:14:36+03:00,3.083,65.6,14080,26.24
2025-09-21T20:16:42+03:00,3.083,65.7,14096,26.24
2025-09-21T20:19:45+03:00,3.084,65.8,14101,26.23
2025-09-21T20:22:09+03:00,3.084,65.9,14107,26.24
2025-09-21T20:22:16+03:00,3.083,65.9,14108,26.23
2025-09-21T20:26:24+03:00,3.084,64.8,14118,26.23
2025-09-21T20:32:08+03:00,3.086,63.7,14134,26.23
2025-09-21T20:43:41+03:00,3.082,64.1,14148,25.91
2025-09-21T20:50:18+03:00,3.083,64.1,14182,25.82
2025-09-21T20:52:23+03:00,3.084,64.2,14188,25.84
2025-09-21T20:56:42+03:00,3.084,64.0,14197,25.85
2025-09-21T20:59:26+03:00,3.084,64.1,14202,25.82
2025-09-21T21:01:29+03:00,3.083,64.2,14214,25.81
2025-09-21T21:03:41+03:00,3.083,64.4,14230,25.79
2025-09-21T21:07:43+03:00,3.084,64.4,14257,25.76
2025-09-21T21:09:55+03:00,3.085,64.2,14267,25.76
2025-09-21T21:13:18+03:00,3.084,64.7,14275,25.74
2025-09-21T21:15:20+03:00,3.085,64.8,14283,25.75
2025-09-21T21:17:31+03:00,3.082,65.2,14286,25.79
2025-09-21T21:22:26+03:00,3.084,65.5,14300,25.88
2025-09-21T21:28:35+03:00,3.085,65.8,14354,25.95
2025-09-21T21:31:08+03:00,3.083,65.8,14363,25.98
2025-09-21T21:34:22+03:00,3.082,66.0,14373,25.98
2025-09-21T21:38:08+03:00,3.083,65.9,14376,26.0
2025-09-21T21:43:43+03:00,3.085,65.6,14377,26.05
2025-09-21T21:46:33+03:00,3.084,65.2,14378,26.05
2025-09-21T21:49:08+03:00,3.084,65.1,14380,26.06
2025-09-21T21:52:09+03:00,3.083,65.2,14382,26.07
2025-09-21T21:52:16+03:00,3.084,65.2,14383,26.06
2025-09-21T21:54:14+03:00,3.085,65.1,14387,26.05
2025-09-21T21:56:31+03:00,3.084,65.4,14390,26.06
2025-09-21T21:58:38+03:00,3.083,65.6,14402,26.07
2025-09-21T22:01:08+03:00,3.085,65.8,14413,26.09
2025-09-21T22:04:20+03:00,3.084,65.8,14416,26.07
2025-09-21T22:06:30+03:00,3.084,66.0,14426,26.09
2025-09-21T22:17:12+03:00,3.084,65.7,14442,26.11
2025-09-21T22:22:08+03:00,3.083,65.9,14450,26.11
2025-09-21T22:32:48+03:00,3.083,66.1,14472,26.11
2025-09-21T22:34:52+03:00,3.084,65.9,14495,26.11
2025-09-21T22:36:57+03:00,3.084,65.8,14503,26.15
2025-09-21T22:39:11+03:00,3.082,65.7,14520,26.12
2025-09-21T22:44:32+03:00,3.083,65.5,14532,26.12
2025-09-21T22:52:08+03:00,3.083,65.3,14540,26.12
2025-09-21T22:52:54+03:00,3.083,65.4,14541,26.15
2025-09-21T22:57:54+03:00,3.084,65.2,14550,26.13
2025-09-21T23:00:19+03:00,3.083,65.2,14551,26.12
2025-09-21T23:04:14+03:00,3.084,65.0,14557,26.13
2025-09-21T23:06:15+03:00,3.083,65.2,14564,26.15
2025-09-23T15:21:28+03:00,3.084,60.6,16018,27.13
2025-09-23T15:51:27+03:00,3.086,60.5,16018,27.15
2025-09-23T16:21:26+03:00,3.086,59.7,16018,27.09
2025-09-23T16:51:31+03:00,3.085,58.7,16018,27.09
2025-09-23T17:21:32+03:00,3.084,57.1,16018,27.08
2025-09-21T23:22:07+03:00,3.085,64.9,14580,26.13
2025-09-21T23:29:02+03:00,3.084,65.3,14581,26.06
2025-09-21T23:37:31+03:00,3.084,65.0,14587,26.07
2025-09-21T23:45:18+03:00,3.083,66.1,14592,25.44
2025-09-21T23:50:21+03:00,3.084,67.2,14601,25.21
2025-09-21T23:52:07+03:00,3.084,67.4,14601,25.2
2025-09-22T00:22:06+03:00,3.084,69.1,14601,24.79
2025-09-22T00:52:06+03:00,3.083,68.9,14601,24.92
2025-09-22T01:22:05+03:00,3.084,68.4,14601,25.36
2025-09-22T01:41:43+03:00,3.083,68.3,14602,25.41
2025-09-22T01:46:14+03:00,3.083,68.2,14607,25.45
2025-09-22T01:52:05+03:00,3.085,68.5,14609,25.47
2025-09-22T02:22:04+03:00,3.085,67.7,14609,25.58
2025-09-22T02:52:04+03:00,3.084,67.6,14609,25.64
2025-09-22T03:22:03+03:00,3.084,67.9,14609,25.6
2025-09-22T03:22:26+03:00,3.083,68.0,14610,25.6
2025-09-22T03:40:16+03:00,3.083,68.1,14611,25.63
2025-09-22T03:42:29+03:00,3.085,68.5,14621,25.64
2025-09-22T03:52:03+03:00,3.084,68.1,14621,25.61
2025-09-22T04:22:02+03:00,3.083,67.5,14621,25.56
2025-09-22T04:30:35+03:00,3.084,67.6,14622,25.56
2025-09-22T04:45:50+03:00,3.084,67.7,14624,25.58
2025-09-22T04:51:53+03:00,3.085,67.8,14625,25.6
2025-09-22T04:52:02+03:00,3.084,67.8,14625,25.6
2025-09-22T04:59:25+03:00,3.085,67.8,14627,25.6
2025-09-22T05:22:01+03:00,3.084,67.5,14627,25.5
2025-09-22T05:34:16+03:00,3.083,67.1,14628,25.51
2025-09-22T05:37:15+03:00,3.085,67.6,14632,25.5
2025-09-22T05:47:43+03:00,3.083,67.5,14634,25.38
2025-09-22T05:52:00+03:00,3.084,68.1,14638,25.37
2025-09-22T05:57:15+03:00,3.084,68.5,14639,25.34
2025-09-22T05:59:52+03:00,3.083,68.6,14642,25.33
2025-09-22T06:10:46+03:00,3.084,68.9,14652,25.37
2025-09-22T06:13:33+03:00,3.084,68.6,14654,25.36
2025-09-22T06:15:34+03:00,3.085,68.9,14662,25.36
2025-09-22T06:17:47+03:00,3.082,68.9,14666,25.34
2025-09-22T06:22:00+03:00,3.084,69.0,14669,25.31
2025-09-22T06:22:34+03:00,3.084,69.0,14670,25.3
2025-09-23T18:21:23+03:00,3.086,58.4,16018,26.99
2025-09-23T18:46:14+03:00,3.084,59.5,16019,26.91
2025-09-22T17:32:06+03:00,3.084,66.1,15165,25.44
2025-09-22T17:51:48+03:00,3.084,66.9,15167,25.64
2025-09-22T17:59:42+03:00,3.085,66.3,15168,25.68
2025-09-22T18:02:24+03:00,3.084,66.0,15172,25.68
2025-09-22T18:21:47+03:00,3.084,66.1,15172,25.71
2025-09-22T18:51:47+03:00,3.086,65.9,15172,25.79
2025-09-22T22:48:36+03:00,3.084,65.1,15540,25.6
2025-09-22T22:50:38+03:00,3.084,65.1,15562,25.57
2025-09-22T22:51:43+03:00,3.085,65.2,15569,25.61
2025-09-22T22:52:40+03:00,3.085,65.2,15571,25.58
2025-09-22T22:55:27+03:00,3.086,65.4,15579,25.58
2025-09-22T23:00:26+03:00,3.085,65.3,15581,25.6
2025-09-22T23:12:10+03:00,3.084,65.5,15589,25.58
2025-09-22T23:14:34+03:00,3.085,65.4,15601,25.58
2025-09-22T23:17:50+03:00,3.085,65.5,15603,25.54
2025-09-22T23:21:42+03:00,3.083,65.4,15606,25.56
2025-09-22T23:22:00+03:00,3.085,65.5,15607,25.56
2025-09-22T23:33:09+03:00,3.085,65.7,15618,25.47
2025-09-22T23:35:35+03:00,3.084,66.0,15620,25.48
2025-09-22T23:48:40+03:00,3.085,65.8,15621,25.54
2025-09-22T23:51:42+03:00,3.085,66.1,15623,25.56
2025-09-22T23:58:07+03:00,3.084,66.2,15624,25.57
2025-09-23T00:00:10+03:00,3.085,66.2,15634,25.58
2025-09-23T00:21:41+03:00,3.084,66.3,15645,25.64
2025-09-23T00:21:59+03:00,3.085,66.3,15646,25.61
2025-09-23T00:51:41+03:00,3.085,66.1,15646,25.58
2025-09-23T01:18:40+03:00,3.084,66.7,15647,25.52
2025-09-23T01:21:40+03:00,3.083,66.8,15651,25.51
2025-09-23T01:51:39+03:00,3.085,67.4,15651,25.48
2025-09-23T02:21:39+03:00,3.084,67.5,15651,25.44
2025-09-23T02:51:38+03:00,3.084,67.4,15651,25.41
2025-09-23T03:21:38+03:00,3.084,67.4,15651,25.36
2025-09-23T03:40:17+03:00,3.085,66.6,15652,25.3
2025-09-23T03:51:37+03:00,3.085,67.1,15654,25.29
2025-09-23T03:51:54+03:00,3.084,67.1,15655,25.29
2025-09-23T04:21:37+03:00,3.084,66.4,15655,25.13
2025-09-23T04:51:36+03:00,3.085,66.2,15655,25.05
2025-09-23T05:21:36+03:00,3.085,65.7,15655,25.0
2025-09-23T05:30:20+03:00,3.085,65.4,15656,24.99
2025-09-23T05:51:35+03:00,3.084,65.0,15657,24.95
2025-09-23T06:00:22+03:00,3.086,64.4,15658,24.87
2025-09-23T06:08:53+03:00,3.086,64.7,15682,24.89
2025-09-23T06:21:35+03:00,3.087,65.5,15683,24.85
2025-09-23T06:25:07+03:00,3.087,65.8,15684,24.85
2025-09-23T06:38:21+03:00,3.085,66.1,15697,24.75
2025-09-23T06:40:24+03:00,3.085,66.1,15701,24.74
2025-09-23T06:44:29+03:00,3.086,66.6,15703,24.72
2025-09-23T06:47:23+03:00,3.084,66.1,15709,24.71
2025-09-23T06:49:25+03:00,3.086,66.5,15719,24.69
2025-09-23T06:55:30+03:00,3.086,66.6,15720,24.72
2025-09-23T06:57:46+03:00,3.086,67.0,15722,24.71
2025-09-23T07:03:54+03:00,3.084,66.8,15723,24.72
2025-09-23T07:05:56+03:00,3.085,67.0,15730,24.69
2025-09-23T07:08:16+03:00,3.085,66.9,15738,24.69
2025-09-23T07:19:33+03:00,3.086,66.5,15746,24.71
2025-09-23T07:21:34+03:00,3.086,66.7,15759,24.71
2025-09-23T07:22:08+03:00,3.085,66.8,15760,24.71
2025-09-23T07:51:33+03:00,3.086,66.6,15773,25.42
2025-09-23T08:21:33+03:00,3.085,64.5,15773,26.5
2025-09-23T08:50:31+03:00,3.084,63.7,15774,27.01
2025-09-23T08:51:32+03:00,3.085,63.8,15777,26.99
2025-09-23T09:04:04+03:00,3.085,63.5,15779,26.89
2025-09-23T09:21:32+03:00,3.083,64.5,15779,26.82
2025-09-23T09:32:22+03:00,3.084,64.6,15780,26.81
2025-09-23T09:42:18+03:00,3.084,64.3,15782,26.75
2025-09-23T09:48:55+03:00,3.085,64.0,15789,26.77
2025-09-23T09:51:31+03:00,3.084,64.1,15794,26.75
2025-09-23T10:14:27+03:00,3.085,63.8,15795,26.73
2025-09-23T10:21:31+03:00,3.085,64.0,15795,26.74
2025-09-23T10:27:42+03:00,3.085,64.1,15796,26.71
2025-09-23T10:31:59+03:00,3.085,62.6,15811,26.73
2025-09-23T10:36:27+03:00,3.085,63.1,15827,26.65
2025-09-23T10:38:41+03:00,3.085,62.8,15832,26.61
2025-09-23T10:40:48+03:00,3.084,63.3,15842,26.62
2025-09-23T10:51:30+03:00,3.086,64.9,15856,26.39
2025-09-23T11:21:30+03:00,3.084,62.6,15856,26.53
2025-09-23T11:51:29+03:00,3.085,56.5,15856,26.71
2025-09-23T11:57:03+03:00,3.085,56.8,15857,26.81
2025-09-23T11:59:20+03:00,3.085,56.0,15864,26.85
2025-09-23T12:01:22+03:00,3.084,54.1,15875,26.85
2025-09-23T12:06:11+03:00,3.086,52.5,15883,26.92
2025-09-23T12:08:35+03:00,3.084,53.1,15886,26.95
2025-09-23T12:10:58+03:00,3.085,52.0,15901,26.98
2025-09-23T12:19:25+03:00,3.085,53.7,15905,27.08
2025-09-23T12:21:26+03:00,3.085,55.2,15921,27.09
2025-09-23T12:21:33+03:00,3.084,55.1,15921,27.08
2025-09-23T12:23:27+03:00,3.086,54.7,15937,27.1
2025-09-23T12:26:03+03:00,3.084,53.2,15950,27.12
2025-09-23T12:28:05+03:00,3.085,53.9,15971,27.1
2025-09-23T12:30:05+03:00,3.085,55.9,15993,27.13
2025-09-23T12:32:32+03:00,3.085,54.2,16013,27.15
2025-09-23T12:51:28+03:00,3.084,58.2,16018,27.09
2025-09-23T13:21:27+03:00,3.085,64.9,16018,27.1
2025-09-23T13:51:27+03:00,3.083,64.8,16018,27.1
2025-09-23T14:21:26+03:00,3.087,63.8,16018,27.1
2025-09-23T14:51:26+03:00,3.085,61.6,16018,27.12
2025-09-23T15:21:25+03:00,3.084,60.6,16018,27.13
2025-09-24T17:26:16+03:00,3.085,67.9,16972,26.24
2025-09-24T17:28:22+03:00,3.085,68.3,16991,26.26
2025-09-24T17:30:29+03:00,3.086,69.1,17002,26.24
2025-09-24T17:32:35+03:00,3.085,68.7,17011,26.23
2025-09-24T17:34:38+03:00,3.086,68.6,17025,26.23
2025-09-24T17:36:40+03:00,3.085,68.7,17045,26.24
2025-09-24T17:38:44+03:00,3.086,68.8,17063,26.2
2025-09-24T17:41:36+03:00,3.086,68.9,17075,26.23
2025-09-24T17:43:44+03:00,3.085,68.9,17095,26.24
2025-09-24T17:45:47+03:00,3.085,69.0,17114,26.24
2025-09-24T17:47:48+03:00,3.085,69.2,17132,26.23
2025-09-24T17:49:54+03:00,3.085,69.1,17153,26.23
2025-09-24T17:50:58+03:00,3.085,69.1,17165,26.22
2025-09-24T17:51:57+03:00,3.087,69.5,17169,26.24
2025-09-24T17:54:04+03:00,3.086,69.6,17188,26.23
2025-09-24T17:56:11+03:00,3.086,69.7,17214,26.22
2025-09-24T17:58:15+03:00,3.087,69.4,17235,26.23
2025-09-24T18:00:16+03:00,3.086,69.4,17252,26.22
2025-09-24T18:03:01+03:00,3.087,69.2,17264,26.23
2025-09-24T18:05:11+03:00,3.086,67.9,17282,26.23
2025-09-24T18:11:16+03:00,3.085,68.5,17296,26.22
2025-09-24T18:14:21+03:00,3.086,69.1,17297,26.24
2025-09-24T18:16:35+03:00,3.086,69.6,17299,26.24
2025-09-24T18:20:58+03:00,3.085,69.8,17299,26.26
2025-09-24T18:27:17+03:00,3.086,70.3,17300,26.24
2025-09-24T18:50:58+03:00,3.086,70.2,17308,26.33
2025-09-23T15:51:25+03:00,3.086,60.5,16018,27.15
2025-09-23T16:21:24+03:00,3.086,59.7,16018,27.09
2025-09-23T16:51:24+03:00,3.085,58.7,16018,27.09
2025-09-23T17:21:23+03:00,3.084,57.1,16018,27.08
2025-09-23T17:51:23+03:00,3.086,57.7,16018,27.04
2025-09-23T18:21:22+03:00,3.086,58.4,16018,26.99
2025-09-23T18:46:13+03:00,3.084,59.5,16019,26.91
2025-09-23T18:51:22+03:00,3.084,60.0,16029,26.89
2025-09-23T19:21:21+03:00,3.086,61.7,16029,26.81
2025-09-24T19:11:44+03:00,3.086,69.4,17351,26.27
2025-09-24T19:13:45+03:00,3.085,69.6,17363,26.26
2025-09-24T19:15:51+03:00,3.086,69.8,17382,26.27
2025-09-24T19:18:17+03:00,3.085,69.9,17393,26.23
2025-09-24T19:20:29+03:00,3.086,69.8,17403,26.2
2025-09-24T19:20:58+03:00,3.086,69.8,17404,26.22
2025-09-24T19:22:34+03:00,3.087,69.9,17407,26.22
2025-09-24T19:25:19+03:00,3.085,70.3,17408,26.15
2025-09-24T19:29:54+03:00,3.085,69.9,17416,26.13
2025-09-24T19:35:56+03:00,3.085,69.3,17428,26.16
2025-09-24T19:38:32+03:00,3.087,69.1,17430,26.15
2025-09-24T19:40:45+03:00,3.088,69.3,17432,26.15
2025-09-24T19:44:35+03:00,3.085,69.3,17433,26.18
2025-09-24T19:50:56+03:00,3.086,69.2,17440,26.15
2025-09-25T12:20:48+03:00,3.087,62.2,18363,26.09
2025-09-27T15:49:44+03:00,3.085,64.6,20537,26.27
2025-09-27T16:19:44+03:00,3.086,64.3,20537,26.22
2025-09-27T16:47:02+03:00,3.085,61.1,20538,26.19
2025-09-27T16:49:19+03:00,3.086,61.2,20549,26.13
2025-09-27T16:49:43+03:00,3.086,61.2,20550,26.13
2025-09-27T16:51:22+03:00,3.086,61.4,20562,26.16
2025-09-27T17:19:43+03:00,3.087,62.2,20568,26.13
2025-09-27T17:49:42+03:00,3.087,63.5,20568,26.12
2025-09-27T18:01:40+03:00,3.086,64.1,20569,26.11
2025-09-27T18:03:44+03:00,3.085,64.2,20578,26.12
2025-09-27T18:09:53+03:00,3.085,64.3,20586,26.11
2025-09-27T18:19:42+03:00,3.086,64.7,20587,26.07
2025-09-27T18:24:25+03:00,3.087,64.8,20588,26.09
2025-09-27T18:26:28+03:00,3.087,66.0,20605,26.11
2025-09-27T18:28:30+03:00,3.086,65.7,20622,26.12
2025-09-27T18:30:31+03:00,3.086,65.7,20638,26.12
2025-09-27T18:33:37+03:00,3.087,65.9,20654,26.11
2025-09-27T18:36:39+03:00,3.087,65.7,20667,26.11
2025-09-27T18:38:40+03:00,3.086,65.8,20682,26.07
2025-09-27T18:40:43+03:00,3.085,65.7,20692,26.11
2025-09-27T18:42:45+03:00,3.087,65.7,20704,26.11
2025-09-27T18:48:22+03:00,3.086,65.9,20709,26.09
2025-09-27T18:49:41+03:00,3.086,66.0,20712,26.09
2025-09-27T18:50:25+03:00,3.086,66.0,20713,26.09
2025-09-27T18:52:57+03:00,3.085,66.0,20717,26.11
2025-09-27T18:55:23+03:00,3.085,66.0,20718,26.09
2025-09-27T18:57:36+03:00,3.087,65.9,20725,26.12
2025-09-27T18:59:45+03:00,3.085,65.9,20728,26.09
2025-09-27T19:01:54+03:00,3.087,65.8,20733,26.12
2025-09-27T19:05:16+03:00,3.086,65.7,20738,26.12
2025-09-27T19:07:24+03:00,3.086,65.5,20739,26.11
2025-09-27T19:12:08+03:00,3.085,65.1,20742,26.12
2025-09-27T19:14:19+03:00,3.085,65.1,20752,26.12
2025-09-27T19:16:20+03:00,3.085,65.0,20776,26.13
2025-09-27T19:18:20+03:00,3.085,65.0,20802,26.12
2025-09-27T19:19:41+03:00,3.085,65.0,20817,26.13
2025-09-27T19:20:37+03:00,3.086,65.0,20823,26.12
2025-09-27T19:22:51+03:00,3.085,64.8,20841,26.15
2025-09-27T19:28:29+03:00,3.084,64.8,20852,26.11
2025-09-27T19:31:51+03:00,3.085,64.8,20855,26.12
2025-09-27T19:33:54+03:00,3.085,64.9,20859,26.12
2025-09-27T19:37:41+03:00,3.087,65.1,20864,26.12
2025-09-27T19:39:44+03:00,3.085,65.2,20878,26.11
2025-09-27T19:42:19+03:00,3.085,65.2,20893,26.09
2025-09-27T19:45:06+03:00,3.086,65.4,20901,26.07
2025-09-27T19:47:11+03:00,3.087,65.6,20912,26.11
2025-09-27T19:49:40+03:00,3.087,65.6,20914,26.09
2025-09-27T19:51:07+03:00,3.086,65.6,20915,26.06
2025-09-27T19:54:21+03:00,3.086,65.6,20929,26.07
2025-09-27T19:56:32+03:00,3.085,65.5,20932,26.09
2025-09-27T19:58:54+03:00,3.086,65.8,20938,26.07
2025-09-27T20:01:36+03:00,3.086,65.7,20948,26.03
2025-09-27T20:03:40+03:00,3.086,65.8,20954,26.05
2025-09-27T20:06:40+03:00,3.084,65.9,20955,26.03
2025-09-27T20:09:04+03:00,3.085,66.1,20974,26.03
2025-09-27T20:11:22+03:00,3.085,66.4,20991,26.02
2025-09-27T20:13:47+03:00,3.086,66.4,21004,26.0
2025-09-27T20:15:49+03:00,3.086,66.3,21006,26.02
2025-09-27T20:17:51+03:00,3.087,66.6,21032,25.98
2025-09-27T20:19:39+03:00,3.085,66.8,21055,25.99
2025-09-27T20:19:57+03:00,3.088,66.8,21058,26.0
2025-09-27T20:21:59+03:00,3.086,66.8,21079,26.0
2025-09-27T20:24:00+03:00,3.085,66.9,21087,25.99
2025-09-27T20:26:05+03:00,3.087,66.9,21115,25.96
2025-09-27T20:28:05+03:00,3.086,67.0,21137,26.0
2025-09-27T20:30:11+03:00,3.086,67.2,21147,25.96
2025-09-27T20:32:11+03:00,3.087,67.1,21170,25.98
2025-09-27T20:34:22+03:00,3.086,67.0,21180,25.96
2025-09-27T20:36:25+03:00,3.087,67.2,21199,25.96
2025-09-27T20:38:26+03:00,3.086,67.2,21206,25.95
2025-09-27T20:42:02+03:00,3.085,67.2,21217,25.98
2025-09-27T20:44:02+03:00,3.086,67.2,21232,25.96
2025-09-27T20:46:07+03:00,3.085,67.2,21261,25.96
2025-09-27T20:48:08+03:00,3.087,67.2,21291,25.98
2025-09-27T20:49:39+03:00,3.085,67.2,21309,25.96
2025-09-27T20:50:19+03:00,3.085,67.2,21315,25.98
2025-09-27T20:52:22+03:00,3.085,67.1,21341,26.02
2025-09-27T20:54:24+03:00,3.085,67.0,21366,26.0
2025-09-27T20:56:37+03:00,3.085,66.9,21394,26.02
2025-09-27T20:58:53+03:00,3.085,66.7,21416,26.03
2025-09-27T21:01:17+03:00,3.084,66.4,21428,26.02
2025-09-27T21:06:04+03:00,3.084,66.3,21438,26.02
2025-09-27T21:08:05+03:00,3.084,66.2,21445,26.05
2025-09-27T21:12:43+03:00,3.084,66.2,21446,26.07
2025-09-27T21:19:38+03:00,3.085,66.2,21447,26.07
2025-09-27T21:21:18+03:00,3.085,66.2,21448,26.09
2025-09-27T21:30:29+03:00,3.086,66.2,21449,26.11
2025-09-27T21:46:29+03:00,3.086,66.1,21455,26.2
2025-09-27T21:48:47+03:00,3.085,66.1,21456,26.19
2025-09-27T21:50:52+03:00,3.085,66.1,21463,26.2
2025-09-27T21:52:59+03:00,3.085,66.2,21470,26.22
2025-09-27T22:01:19+03:00,3.085,66.1,21471,26.22
2025-09-27T22:05:38+03:00,3.086,66.0,21472,26.2
2025-09-27T22:07:49+03:00,3.086,66.0,21486,26.22
2025-09-27T22:10:15+03:00,3.086,65.8,21487,26.2
2025-09-27T22:12:19+03:00,3.084,65.9,21497,26.2
2025-09-27T22:19:37+03:00,3.084,65.7,21505,26.22
2025-09-27T22:20:39+03:00,3.086,65.7,21506,26.22
2025-09-27T22:27:04+03:00,3.085,65.9,21508,26.13
2025-09-27T22:49:37+03:00,3.085,66.4,21509,25.96
2025-09-28T14:32:31+03:00,3.085,63.6,22417,25.82
2025-09-28T15:02:30+03:00,3.087,67.5,22417,25.79
2025-09-28T15:32:29+03:00,3.085,66.6,22417,25.82
2025-09-28T19:32:25+03:00,3.085,71.1,22417,25.27
2025-09-28T20:02:25+03:00,3.086,73.4,22417,25.3
2025-09-28T20:32:24+03:00,3.086,72.7,22417,25.24
2025-09-28T21:02:24+03:00,3.086,70.5,22417,25.14
2025-09-28T21:32:23+03:00,3.086,71.1,22417,25.09
2025-09-28T22:02:23+03:00,3.086,72.5,22417,25.06
2025-09-28T22:32:22+03:00,3.087,70.9,22417,24.97
2025-09-28T23:02:22+03:00,3.087,71.5,22417,24.92
2025-09-28T23:32:21+03:00,3.087,71.8,22417,24.87
2025-09-29T00:02:21+03:00,3.086,71.6,22417,24.81
2025-09-29T00:32:20+03:00,3.085,72.0,22417,24.76
2025-09-29T01:02:20+03:00,3.085,72.0,22417,24.72
2025-09-29T01:32:19+03:00,3.087,72.0,22417,24.66
2025-09-29T02:02:18+03:00,3.088,71.8,22417,24.61
2025-09-29T02:32:18+03:00,3.086,72.1,22417,24.55
2025-09-29T03:02:17+03:00,3.086,72.3,22417,24.5
2025-09-29T03:32:17+03:00,3.086,72.1,22417,24.45
2025-09-29T04:02:16+03:00,3.087,72.3,22417,24.39
2025-09-29T04:32:16+03:00,3.086,72.4,22417,24.35
2025-09-29T05:02:15+03:00,3.087,72.7,22417,24.31
2025-09-29T05:32:15+03:00,3.087,73.3,22417,24.28
2025-09-29T06:02:14+03:00,3.087,76.2,22417,24.3
2025-09-29T06:32:14+03:00,3.086,76.4,22417,24.35
2025-09-29T07:02:13+03:00,3.088,74.3,22417,24.23
2025-09-29T07:32:13+03:00,3.086,73.4,22417,24.04
2025-09-29T08:02:12+03:00,3.086,73.4,22417,23.86
2025-09-29T08:32:12+03:00,3.086,71.7,22417,23.77
2025-09-29T09:02:11+03:00,3.088,71.5,22417,23.77
2025-09-29T09:32:11+03:00,3.088,71.0,22417,23.79
2025-09-29T10:02:10+03:00,3.086,71.2,22417,23.84
2025-09-29T10:32:10+03:00,3.087,71.9,22417,23.93
2025-09-29T11:02:09+03:00,3.086,72.5,22417,23.99
2025-09-29T11:32:08+03:00,3.086,72.8,22417,24.04
2025-09-29T12:02:08+03:00,3.087,73.1,22417,24.16
2025-09-29T12:32:07+03:00,3.086,73.2,22417,24.28
2025-09-29T13:02:07+03:00,3.085,74.2,22417,24.44
2025-09-29T13:32:06+03:00,3.086,74.2,22417,24.58
2025-09-29T14:02:06+03:00,3.086,72.3,22417,24.79
2025-09-29T14:32:05+03:00,3.087,70.2,22417,24.96
2025-09-29T18:32:01+03:00,3.086,69.7,22417,26.13
2025-10-05T13:23:05+03:00,3.075,70.7,2855,25.91
2025-10-03T13:33:54+03:00,3.071,68.9,155,25.41
2025-10-03T13:43:54+03:00,3.069,68.3,155,25.45
2025-10-03T13:53:54+03:00,3.068,68.0,155,25.5
2025-10-03T14:03:54+03:00,3.07,67.7,155,25.54
2025-10-03T14:13:54+03:00,3.069,68.1,155,25.52
2025-10-03T14:23:53+03:00,3.069,68.8,155,25.52
2025-10-03T14:33:53+03:00,3.068,68.2,155,25.54
2025-10-03T14:43:53+03:00,3.07,68.8,155,25.54
2025-10-03T14:53:53+03:00,3.069,67.7,155,25.54
2025-10-03T15:03:53+03:00,3.07,66.0,155,25.56
2025-10-03T15:13:53+03:00,3.067,66.0,155,25.57
2025-10-03T15:23:52+03:00,3.069,66.2,155,25.56
2025-10-03T15:33:52+03:00,3.071,66.5,155,25.56
2025-10-03T15:43:52+03:00,3.068,66.7,155,25.48
2025-10-03T15:53:52+03:00,3.071,67.4,155,25.45
2025-10-03T16:03:52+03:00,3.069,66.8,155,25.45
2025-10-03T16:13:51+03:00,3.07,65.1,155,25.44
2025-10-03T16:23:51+03:00,3.07,64.5,155,25.44
2025-10-03T16:33:51+03:00,3.069,63.7,155,25.41
2025-10-03T16:43:51+03:00,3.071,63.3,155,25.42
2025-10-03T16:53:51+03:00,3.071,64.0,155,25.41
2025-10-03T17:03:51+03:00,3.07,64.6,155,25.38
2025-10-03T17:13:50+03:00,3.07,65.7,155,25.36
2025-10-03T17:23:50+03:00,3.07,66.7,155,25.31
2025-10-03T17:33:50+03:00,3.07,67.5,155,25.3
2025-10-03T17:38:24+03:00,3.07,67.6,156,25.29
2025-10-03T17:40:49+03:00,3.071,68.1,167,25.29
2025-10-03T17:43:29+03:00,3.07,68.0,182,25.27
2025-10-03T17:43:50+03:00,3.071,68.0,182,25.29
2025-10-03T17:45:29+03:00,3.07,68.2,184,25.26
2025-10-03T17:47:31+03:00,3.07,68.2,191,25.27
2025-10-03T17:53:50+03:00,3.069,68.0,191,25.23
2025-10-03T18:03:50+03:00,3.071,68.6,191,25.13
2025-10-03T18:13:49+03:00,3.069,68.5,191,25.08
2025-10-03T18:23:49+03:00,3.069,69.0,191,25.1
2025-10-03T18:33:49+03:00,3.069,67.7,191,25.05
2025-10-03T18:43:49+03:00,3.069,65.4,191,24.89
2025-10-03T18:53:49+03:00,3.07,65.9,191,24.69
2025-10-03T19:03:49+03:00,3.07,66.5,191,24.68
2025-10-03T19:13:48+03:00,3.07,67.7,191,24.58
2025-10-03T19:23:48+03:00,3.071,69.3,191,24.69
2025-10-03T19:33:48+03:00,3.071,69.4,191,24.75
2025-10-03T19:43:48+03:00,3.07,70.1,191,24.81
2025-10-03T19:48:22+03:00,3.069,70.1,192,24.81
2025-10-03T19:53:48+03:00,3.07,70.1,193,24.85
2025-10-03T19:55:59+03:00,3.07,70.2,194,24.82
2025-10-03T20:03:47+03:00,3.07,70.0,195,24.81
2025-10-03T20:12:07+03:00,3.071,69.8,196,24.82
2025-10-03T20:13:47+03:00,3.071,69.8,197,24.83
2025-10-03T20:16:09+03:00,3.071,69.9,198,24.83
2025-10-03T20:18:11+03:00,3.071,69.8,219,24.85
2025-10-03T20:20:12+03:00,3.07,69.9,227,24.83
2025-10-03T20:22:20+03:00,3.071,69.8,231,24.83
2025-10-03T20:23:47+03:00,3.071,69.7,234,24.86
2025-10-03T20:24:31+03:00,3.071,69.7,236,24.89
2025-10-03T20:26:35+03:00,3.071,69.5,252,24.86
2025-10-03T20:28:40+03:00,3.07,69.4,265,24.87
2025-10-03T20:30:43+03:00,3.07,69.2,289,24.89
2025-10-03T20:32:45+03:00,3.07,69.2,306,24.87
2025-10-03T20:33:47+03:00,3.07,69.2,317,24.87
2025-10-03T20:34:50+03:00,3.072,69.2,323,24.87
2025-10-03T20:37:11+03:00,3.071,69.2,332,24.86
2025-10-03T20:39:14+03:00,3.069,69.4,355,24.87
2025-10-03T20:41:20+03:00,3.071,69.4,372,24.87
2025-10-03T20:43:24+03:00,3.07,69.4,382,24.86
2025-10-03T20:43:47+03:00,3.072,69.4,387,24.87
2025-10-03T20:45:27+03:00,3.07,69.3,398,24.86
2025-10-03T20:47:36+03:00,3.072,69.2,410,24.87
2025-10-03T20:49:39+03:00,3.07,69.3,429,24.87
2025-10-03T20:51:47+03:00,3.071,69.2,442,24.87
2025-10-03T20:53:47+03:00,3.072,69.3,459,24.87
2025-10-03T20:53:54+03:00,3.07,69.2,460,24.86
2025-10-03T20:55:51+03:00,3.069,69.2,471,24.86
2025-10-03T20:57:55+03:00,3.07,69.1,483,24.86
2025-10-03T20:59:56+03:00,3.07,68.9,503,24.87
2025-10-03T21:03:46+03:00,3.07,69.0,518,24.86
2025-10-03T21:04:15+03:00,3.07,69.0,519,24.87
2025-10-03T21:06:16+03:00,3.07,69.0,539,24.86
2025-10-03T21:09:38+03:00,3.07,69.0,555,24.86
2025-10-03T21:11:41+03:00,3.07,69.0,564,24.85
2025-10-03T21:13:42+03:00,3.071,69.0,576,24.85
2025-10-03T21:13:50+03:00,3.07,68.9,577,24.82
2025-10-03T21:15:57+03:00,3.07,68.9,584,24.85
2025-10-03T21:23:46+03:00,3.067,69.1,587,24.79
2025-10-03T21:25:36+03:00,3.071,69.0,588,24.79
2025-10-03T21:30:19+03:00,3.07,69.0,591,24.78
2025-10-03T21:33:46+03:00,3.07,69.1,591,24.78
2025-10-03T21:43:46+03:00,3.071,69.1,591,24.76
2025-10-03T21:53:46+03:00,3.071,69.3,591,24.71
2025-10-03T21:56:39+03:00,3.072,69.3,592,24.71
2025-10-03T21:58:44+03:00,3.069,69.3,605,24.74
2025-10-03T22:01:42+03:00,3.071,69.1,610,24.74
2025-10-03T22:03:45+03:00,3.071,69.0,618,24.76
2025-10-03T22:04:49+03:00,3.072,69.0,619,24.78
2025-10-03T22:08:35+03:00,3.07,69.1,621,24.76
2025-10-03T22:13:45+03:00,3.071,69.1,623,24.75
2025-10-03T22:16:30+03:00,3.07,69.1,624,24.76
2025-10-03T22:20:48+03:00,3.07,68.7,634,24.74
2025-10-03T22:23:45+03:00,3.069,68.7,634,24.71
2025-10-03T22:31:51+03:00,3.07,68.9,635,24.69
2025-10-05T13:26:12+03:00,3.075,70.3,2856,25.95
2025-10-05T13:28:15+03:00,3.075,70.0,2867,25.96
2025-10-05T13:30:32+03:00,3.074,70.1,2872,25.99
2025-10-03T22:33:45+03:00,3.07,69.1,650,24.71
2025-10-05T13:36:49+03:00,3.075,70.2,2917,26.0
2025-10-05T13:38:42+03:00,3.074,69.7,2940,26.0
2025-10-05T13:40:44+03:00,3.074,69.5,2957,26.0
2025-10-05T13:43:05+03:00,3.074,69.4,2966,26.05
2025-10-05T13:44:03+03:00,3.074,69.6,2967,26.05
2025-10-05T13:47:08+03:00,3.074,69.6,2975,26.03
2025-10-05T13:49:17+03:00,3.075,69.9,2979,26.03
2025-10-05T13:51:32+03:00,3.075,70.2,2995,26.05
2025-10-05T13:53:06+03:00,3.073,70.1,2998,26.05
2025-10-05T13:53:43+03:00,3.075,69.5,3004,26.05
2025-10-05T13:56:53+03:00,3.074,69.6,3013,26.06
2025-10-05T14:11:38+03:00,3.074,67.9,3026,25.99
2025-10-05T14:13:05+03:00,3.074,68.2,3027,26.02
2025-10-05T14:15:33+03:00,3.075,68.0,3028,25.99
2025-10-05T14:17:35+03:00,3.073,67.9,3035,26.0
2025-10-05T14:21:54+03:00,3.073,69.1,3056,26.06
2025-10-05T14:23:05+03:00,3.073,68.8,3060,26.12
2025-10-05T14:24:04+03:00,3.075,68.9,3062,26.09
2025-10-04T10:03:33+03:00,3.071,68.4,1129,24.82
2025-10-04T10:06:50+03:00,3.07,68.5,1130,24.83
2025-10-04T10:10:08+03:00,3.071,68.2,1137,24.83
2025-10-04T10:13:06+03:00,3.071,68.4,1139,24.82
2025-10-04T10:13:33+03:00,3.071,68.4,1141,24.86
2025-10-04T10:23:12+03:00,3.072,68.9,1156,24.85
2025-10-04T10:23:32+03:00,3.072,68.9,1160,24.86
2025-10-04T10:26:48+03:00,3.071,68.7,1163,24.87
2025-10-04T10:28:58+03:00,3.071,68.7,1169,24.87
2025-10-04T10:33:32+03:00,3.071,68.6,1179,24.87
2025-10-04T10:43:32+03:00,3.072,68.9,1179,24.9
2025-10-04T10:53:32+03:00,3.073,67.1,1179,24.93
2025-10-04T11:03:32+03:00,3.071,67.6,1179,25.0
2025-10-04T11:13:32+03:00,3.072,68.0,1179,25.05
2025-10-04T11:23:31+03:00,3.072,67.7,1179,25.09
2025-10-04T11:33:31+03:00,3.072,67.8,1179,25.13
2025-10-04T11:36:33+03:00,3.071,67.7,1180,25.17
2025-10-04T11:43:31+03:00,3.071,67.4,1188,25.14
2025-10-04T11:52:01+03:00,3.071,67.1,1189,25.1
2025-10-04T11:53:31+03:00,3.071,67.4,1200,25.12
2025-10-04T11:55:02+03:00,3.071,67.4,1208,25.14
2025-10-04T12:03:31+03:00,3.072,67.4,1220,25.21
2025-10-04T12:13:31+03:00,3.073,65.4,1220,25.27
2025-10-04T12:23:30+03:00,3.072,64.9,1220,25.34
2025-10-04T12:33:11+03:00,3.073,64.9,1229,25.42
2025-10-04T12:33:30+03:00,3.073,64.9,1231,25.42
2025-10-04T12:41:09+03:00,3.071,63.8,1232,25.47
2025-10-04T12:43:30+03:00,3.072,63.9,1232,25.5
2025-10-04T12:53:30+03:00,3.072,64.8,1232,25.54
2025-10-04T13:03:30+03:00,3.072,65.1,1232,25.6
2025-10-04T13:13:29+03:00,3.074,63.4,1239,25.65
2025-10-04T13:20:56+03:00,3.072,63.2,1240,25.72
2025-10-04T13:22:59+03:00,3.072,63.4,1243,25.74
2025-10-04T13:23:29+03:00,3.072,64.3,1245,25.72
2025-10-04T13:26:13+03:00,3.073,64.2,1248,25.75
2025-10-04T13:28:28+03:00,3.072,65.3,1258,25.74
2025-10-04T13:30:31+03:00,3.071,65.7,1273,25.74
2025-10-04T13:32:33+03:00,3.072,64.7,1294,25.74
2025-10-04T13:33:29+03:00,3.074,64.5,1300,25.78
2025-10-04T13:34:36+03:00,3.072,65.0,1316,25.76
2025-10-04T13:38:22+03:00,3.072,65.2,1318,25.78
2025-10-04T13:43:29+03:00,3.073,65.0,1318,25.81
2025-10-04T13:50:01+03:00,3.073,66.1,1319,25.82
2025-10-04T13:53:29+03:00,3.072,66.2,1319,25.84
2025-10-04T13:54:24+03:00,3.071,65.9,1320,25.85
2025-10-04T13:57:52+03:00,3.073,65.9,1321,25.88
2025-10-04T13:59:56+03:00,3.072,65.4,1342,25.86
2025-10-04T14:01:58+03:00,3.072,65.4,1366,25.88
2025-10-04T14:03:29+03:00,3.072,66.0,1379,25.89
2025-10-04T14:04:11+03:00,3.072,65.8,1380,25.86
2025-10-04T14:13:28+03:00,3.072,64.6,1398,25.93
2025-10-04T14:23:28+03:00,3.071,64.8,1398,25.99
2025-10-04T14:33:28+03:00,3.073,64.2,1398,26.03
2025-10-04T14:43:28+03:00,3.073,63.1,1398,26.07
2025-10-04T14:53:28+03:00,3.072,62.0,1398,26.11
2025-10-04T15:03:28+03:00,3.072,65.6,1398,26.09
2025-10-04T15:13:27+03:00,3.072,65.3,1398,25.98
2025-10-04T15:23:27+03:00,3.072,58.8,1398,25.89
2025-10-04T15:33:27+03:00,3.072,58.2,1398,25.86
2025-10-04T15:43:27+03:00,3.072,59.2,1398,25.91
2025-10-04T15:53:27+03:00,3.073,60.5,1398,25.91
2025-10-04T16:03:27+03:00,3.073,61.2,1398,25.88
2025-10-04T16:13:26+03:00,3.073,62.3,1398,25.89
2025-10-04T16:19:54+03:00,3.072,62.2,1399,25.88
2025-10-04T16:22:49+03:00,3.072,61.7,1417,25.91
2025-10-04T16:23:26+03:00,3.073,61.8,1421,25.91
2025-10-04T16:25:06+03:00,3.073,61.8,1426,25.91
2025-10-04T16:27:11+03:00,3.074,61.7,1435,25.93
2025-10-04T16:33:26+03:00,3.072,62.7,1443,25.95
2025-10-04T16:43:26+03:00,3.073,62.4,1443,25.89
2025-10-04T16:53:26+03:00,3.074,62.3,1443,25.91
2025-10-04T17:03:25+03:00,3.073,61.6,1443,25.91
2025-10-04T17:13:25+03:00,3.073,61.7,1443,25.89
2025-10-04T17:23:25+03:00,3.074,60.1,1443,25.91
2025-10-04T17:33:25+03:00,3.072,59.0,1443,25.84
2025-10-04T17:43:25+03:00,3.073,59.7,1443,25.82
2025-10-04T17:53:25+03:00,3.071,61.0,1443,25.79
2025-10-04T18:03:24+03:00,3.073,62.2,1443,25.75
2025-10-04T18:42:53+03:00,3.074,67.8,1444,25.56
2025-10-04T18:43:24+03:00,3.074,67.9,1444,25.56
2025-10-04T18:44:54+03:00,3.073,67.7,1450,25.56
2025-10-04T18:53:24+03:00,3.072,67.4,1453,25.56
2025-10-04T19:03:23+03:00,3.073,67.3,1453,25.51
2025-10-04T19:13:23+03:00,3.073,67.2,1453,25.45
2025-10-04T19:23:23+03:00,3.074,67.1,1453,25.45
2025-10-04T19:31:02+03:00,3.073,66.9,1454,25.44
2025-10-04T19:33:03+03:00,3.073,67.1,1476,25.45
2025-10-04T19:33:23+03:00,3.074,67.2,1480,25.45
2025-10-04T19:36:04+03:00,3.073,67.4,1495,25.47
2025-10-04T19:38:09+03:00,3.073,67.6,1518,25.5
2025-10-04T19:40:13+03:00,3.073,67.7,1540,25.51
2025-10-04T19:42:19+03:00,3.074,67.7,1547,25.52
2025-10-04T19:43:23+03:00,3.074,67.9,1551,25.52
2025-10-04T19:44:27+03:00,3.072,68.1,1552,25.51
2025-10-04T19:46:29+03:00,3.073,68.2,1558,25.52
2025-10-04T19:48:34+03:00,3.073,68.2,1577,25.5
2025-10-04T19:50:34+03:00,3.073,68.0,1596,25.54
2025-10-04T19:52:47+03:00,3.075,68.1,1606,25.56
2025-10-04T19:53:23+03:00,3.073,68.1,1607,25.54
2025-10-04T19:54:49+03:00,3.074,67.8,1625,25.56
2025-10-06T10:02:44+03:00,3.076,74.7,4919,23.92
2025-10-04T19:57:15+03:00,3.073,67.5,1640,25.51
2025-10-04T19:59:22+03:00,3.073,67.1,1645,25.56
2025-10-06T10:12:50+03:00,3.076,74.7,4919,23.95
2025-10-06T10:22:54+03:00,3.075,74.4,4919,23.97
2025-10-06T12:02:41+03:00,3.075,72.6,4919,24.47
2025-10-04T20:01:37+03:00,3.074,66.9,1652,25.56
2025-10-04T20:03:22+03:00,3.073,66.8,1670,25.52
2025-10-04T20:04:47+03:00,3.073,66.7,1672,25.51
2025-10-04T20:06:48+03:00,3.073,66.9,1688,25.51
2025-10-04T20:08:50+03:00,3.073,66.8,1708,25.51
2025-10-04T20:13:02+03:00,3.074,67.0,1722,25.51
2025-10-04T20:13:22+03:00,3.072,67.0,1722,25.51
2025-10-04T20:15:34+03:00,3.073,67.0,1731,25.51
2025-10-04T20:17:44+03:00,3.072,66.9,1746,25.5
2025-10-04T20:20:14+03:00,3.073,67.0,1749,25.48
2025-10-04T20:22:44+03:00,3.075,67.0,1758,25.48
2025-10-04T20:23:22+03:00,3.075,67.0,1761,25.48
2025-10-04T20:26:05+03:00,3.073,67.1,1764,25.48
2025-10-04T20:28:06+03:00,3.074,67.2,1780,25.47
2025-10-04T20:30:08+03:00,3.073,67.3,1797,25.48
2025-10-04T20:32:10+03:00,3.073,67.4,1823,25.47
2025-10-04T20:39:34+03:00,3.075,68.0,1834,25.48
2025-10-04T20:42:08+03:00,3.073,68.2,1841,25.47
2025-10-04T20:43:22+03:00,3.072,68.3,1849,25.44
2025-10-06T12:22:41+03:00,3.077,72.1,4919,24.54
2025-10-07T09:32:20+03:00,3.076,74.1,5412,23.82
2025-10-07T09:42:19+03:00,3.077,73.9,5412,23.92
2025-10-07T09:52:21+03:00,3.077,73.8,5412,24.09
2025-10-07T10:02:18+03:00,3.077,72.1,5416,24.21
2025-10-07T10:03:32+03:00,3.077,71.9,5417,24.2
2025-10-07T10:12:18+03:00,3.075,72.0,5419,24.27
2025-10-07T10:22:18+03:00,3.076,71.2,5419,24.28
2025-10-07T10:27:29+03:00,3.077,71.6,5420,24.31
2025-10-07T10:32:18+03:00,3.077,71.9,5420,24.34
2025-10-05T11:23:06+03:00,3.074,72.6,2780,24.65
2025-10-05T11:25:35+03:00,3.075,72.5,2781,24.65
2025-10-05T11:28:18+03:00,3.073,72.3,2788,24.71
2025-10-05T11:31:50+03:00,3.074,72.4,2795,24.72
2025-10-05T11:33:06+03:00,3.074,72.7,2803,24.78
2025-10-05T11:34:28+03:00,3.073,72.7,2804,24.78
2025-10-05T11:37:39+03:00,3.074,73.0,2814,24.85
2025-10-05T11:43:06+03:00,3.075,73.3,2820,24.95
2025-10-05T11:53:06+03:00,3.072,72.3,2820,25.09
2025-10-05T12:01:21+03:00,3.074,71.3,2821,25.13
2025-10-05T12:03:06+03:00,3.074,71.0,2823,25.16
2025-10-05T12:13:05+03:00,3.075,70.7,2823,25.26
2025-10-05T12:23:05+03:00,3.074,71.5,2823,25.36
2025-10-05T12:33:05+03:00,3.074,70.1,2823,25.48
2025-10-05T12:43:05+03:00,3.073,70.6,2823,25.63
2025-10-05T12:52:57+03:00,3.073,69.2,2824,25.69
2025-10-05T12:53:05+03:00,3.074,69.3,2825,25.71
2025-10-05T12:55:02+03:00,3.073,69.7,2835,25.74
2025-10-05T12:57:07+03:00,3.074,70.2,2839,25.78
2025-10-05T13:03:05+03:00,3.074,70.0,2842,25.81
2025-10-05T13:13:04+03:00,3.076,70.2,2842,25.84
2025-10-05T13:16:14+03:00,3.074,70.1,2843,25.82
2025-10-05T13:19:05+03:00,3.073,70.6,2847,25.86
2025-10-05T13:23:04+03:00,3.075,70.7,2855,25.91
2025-10-05T13:26:10+03:00,3.075,70.3,2856,25.95
2025-10-05T13:28:12+03:00,3.075,70.0,2867,25.96
2025-10-05T13:30:30+03:00,3.074,70.1,2872,25.99
2025-10-05T13:32:33+03:00,3.074,70.1,2874,26.0
2025-10-05T13:33:04+03:00,3.072,70.2,2880,26.0
2025-10-05T13:36:34+03:00,3.075,70.2,2917,26.0
2025-10-05T13:38:36+03:00,3.074,69.7,2940,26.0
2025-10-05T13:40:42+03:00,3.074,69.5,2957,26.0
2025-10-05T13:43:04+03:00,3.074,69.4,2966,26.05
2025-10-05T13:44:01+03:00,3.074,69.6,2967,26.05
2025-10-05T13:47:06+03:00,3.074,69.6,2975,26.03
2025-10-05T13:49:15+03:00,3.075,69.9,2979,26.03
2025-10-05T13:51:30+03:00,3.075,70.2,2995,26.05
2025-10-05T13:53:04+03:00,3.073,70.1,2998,26.05
2025-10-05T13:53:41+03:00,3.075,69.5,3004,26.05
2025-10-05T13:56:51+03:00,3.074,69.6,3013,26.06
2025-10-05T14:11:35+03:00,3.074,67.9,3026,25.99
2025-10-05T14:13:03+03:00,3.074,68.2,3027,26.02
2025-10-05T14:15:32+03:00,3.075,68.0,3028,25.99
2025-10-05T14:17:34+03:00,3.073,67.9,3035,26.0
2025-10-05T14:21:53+03:00,3.073,69.1,3056,26.06
2025-10-05T14:23:03+03:00,3.073,68.8,3060,26.12
2025-10-05T14:24:03+03:00,3.075,68.9,3062,26.09
2025-10-05T14:26:39+03:00,3.073,68.8,3068,26.15
2025-10-05T14:33:03+03:00,3.075,67.6,3075,26.24
2025-10-05T14:33:22+03:00,3.073,67.7,3076,26.23
2025-10-05T14:35:56+03:00,3.075,67.3,3095,26.26
2025-10-05T14:43:03+03:00,3.074,66.7,3101,26.2
2025-10-05T14:47:46+03:00,3.074,67.2,3102,26.13
2025-10-05T14:50:10+03:00,3.074,67.4,3104,26.11
2025-10-05T14:52:46+03:00,3.074,70.1,3107,26.11
2025-10-05T14:53:03+03:00,3.075,70.4,3108,26.07
2025-10-05T14:55:52+03:00,3.073,69.4,3119,26.07
2025-10-05T15:00:49+03:00,3.075,69.0,3123,26.09
2025-10-05T15:02:56+03:00,3.075,69.2,3124,26.07
2025-10-05T15:03:03+03:00,3.075,69.3,3125,26.07
2025-10-05T15:05:26+03:00,3.073,69.3,3126,26.07
2025-10-05T15:13:02+03:00,3.074,69.7,3132,26.09
2025-10-05T15:18:19+03:00,3.074,69.8,3133,26.09
2025-10-05T15:20:23+03:00,3.075,70.2,3135,26.06
2025-10-05T15:22:26+03:00,3.073,70.8,3148,26.05
2025-10-05T15:23:02+03:00,3.074,70.7,3153,26.09
2025-10-05T15:56:21+03:00,3.075,67.1,3323,25.72
2025-10-05T15:58:39+03:00,3.075,67.2,3336,25.57
2025-10-05T16:00:42+03:00,3.075,66.6,3344,25.47
2025-10-05T16:03:01+03:00,3.074,63.8,3354,25.33
2025-10-05T16:03:32+03:00,3.075,63.7,3355,25.31
2025-10-05T16:05:56+03:00,3.075,64.0,3357,25.17
2025-10-05T16:08:01+03:00,3.075,64.3,3375,25.1
2025-10-05T16:10:11+03:00,3.074,65.6,3392,25.0
2025-10-05T16:12:31+03:00,3.075,67.2,3398,24.9
2025-10-05T16:13:01+03:00,3.074,67.5,3399,24.87
2025-10-05T16:15:52+03:00,3.075,69.5,3406,24.81
2025-10-05T16:18:11+03:00,3.074,69.9,3413,24.82
2025-10-05T16:20:23+03:00,3.076,70.0,3429,24.89
2025-10-05T16:22:26+03:00,3.074,70.5,3454,24.89
2025-10-05T16:23:01+03:00,3.074,70.1,3462,24.89
2025-10-05T16:24:27+03:00,3.074,70.1,3472,24.81
2025-10-05T16:26:28+03:00,3.074,70.2,3493,24.74
2025-10-05T16:28:37+03:00,3.075,70.8,3501,24.72
2025-10-05T16:30:54+03:00,3.075,70.3,3514,24.71
2025-10-05T16:33:01+03:00,3.075,70.7,3519,24.76
2025-10-05T16:33:20+03:00,3.075,70.8,3520,24.75
2025-10-05T16:35:45+03:00,3.075,71.1,3521,24.78
2025-10-05T16:37:45+03:00,3.074,71.4,3531,24.82
2025-10-05T16:39:46+03:00,3.073,72.0,3555,24.85
2025-10-05T16:41:50+03:00,3.075,72.2,3567,24.9
2025-10-05T16:43:01+03:00,3.075,72.0,3568,24.9
2025-10-05T16:44:39+03:00,3.075,72.1,3573,24.92
2025-10-05T16:47:06+03:00,3.074,72.0,3585,24.95
2025-10-05T16:51:17+03:00,3.074,72.1,3590,24.96
2025-10-05T16:53:01+03:00,3.075,72.1,3595,24.93
2025-10-05T17:03:00+03:00,3.075,72.0,3595,24.96
2025-10-05T17:13:00+03:00,3.075,71.8,3595,24.99
2025-10-05T17:23:00+03:00,3.074,71.3,3595,24.97
2025-10-05T17:33:00+03:00,3.074,70.8,3595,24.96
2025-10-07T10:41:02+03:00,3.076,71.8,5421,24.38
2025-10-07T10:42:18+03:00,3.076,71.9,5425,24.37
2025-10-07T10:43:11+03:00,3.076,71.9,5428,24.35
2025-10-07T10:45:25+03:00,3.077,72.3,5449,24.39
2025-10-07T10:49:17+03:00,3.077,71.8,5469,24.42
2025-10-07T10:51:30+03:00,3.075,71.8,5488,24.42
2025-10-07T10:52:19+03:00,3.077,72.1,5488,24.44
2025-10-07T10:54:41+03:00,3.076,71.1,5489,24.44
2025-10-07T10:57:12+03:00,3.076,71.0,5491,24.41
2025-10-07T10:59:13+03:00,3.077,71.6,5502,24.44
2025-10-07T11:02:18+03:00,3.076,72.0,5503,24.5
2025-10-07T11:04:10+03:00,3.075,71.9,5504,24.48
2025-10-07T11:07:33+03:00,3.075,71.6,5512,24.54
2025-10-07T11:09:34+03:00,3.078,70.8,5516,24.58
2025-10-07T11:12:17+03:00,3.076,70.5,5519,24.59
2025-10-05T17:43:00+03:00,3.076,71.4,3595,24.96
2025-10-05T17:53:00+03:00,3.074,71.5,3595,24.96
2025-10-05T18:02:59+03:00,3.075,71.2,3595,24.86
2025-10-05T18:12:59+03:00,3.074,71.5,3595,24.87
2025-10-05T18:22:59+03:00,3.076,71.0,3595,24.86
2025-10-05T18:32:59+03:00,3.075,70.6,3595,24.82
2025-10-05T18:42:59+03:00,3.074,70.4,3595,24.81
2025-10-05T18:52:59+03:00,3.075,70.3,3595,24.76
2025-10-05T19:02:58+03:00,3.073,70.2,3595,24.72
2025-10-05T19:12:58+03:00,3.074,69.6,3595,24.71
2025-10-05T19:22:58+03:00,3.075,70.3,3595,24.69
2025-10-05T19:32:58+03:00,3.076,70.1,3595,24.65
2025-10-05T19:42:58+03:00,3.074,70.7,3595,24.65
2025-10-05T19:45:56+03:00,3.076,70.8,3596,24.64
2025-10-05T19:48:02+03:00,3.074,70.7,3610,24.61
2025-10-05T19:50:04+03:00,3.075,71.2,3624,24.61
2025-10-05T19:52:04+03:00,3.075,71.4,3652,24.59
2025-10-05T19:52:57+03:00,3.077,71.5,3661,24.62
2025-10-05T19:54:05+03:00,3.073,71.6,3669,24.61
2025-10-05T19:56:11+03:00,3.075,71.7,3695,24.65
2025-10-05T19:58:12+03:00,3.074,71.8,3702,24.66
2025-10-05T20:00:15+03:00,3.076,71.6,3713,24.69
2025-10-05T20:02:19+03:00,3.075,71.4,3732,24.69
2025-10-05T20:02:57+03:00,3.074,71.4,3737,24.72
2025-10-05T20:04:24+03:00,3.075,71.6,3752,24.74
2025-10-05T21:12:56+03:00,3.074,70.5,4201,24.87
2025-10-05T21:14:29+03:00,3.075,70.6,4221,24.9
2025-10-05T21:18:38+03:00,3.074,70.2,4264,24.89
2025-10-05T21:20:39+03:00,3.074,70.5,4290,24.9
2025-10-05T21:22:41+03:00,3.076,70.5,4308,24.9
2025-10-05T21:22:56+03:00,3.074,70.5,4308,24.89
2025-10-05T21:24:46+03:00,3.074,70.3,4324,24.87
2025-10-05T21:27:54+03:00,3.074,69.8,4338,24.9
2025-10-05T21:30:34+03:00,3.074,69.4,4346,24.9
2025-10-05T21:32:35+03:00,3.075,69.6,4350,24.89
2025-10-05T21:32:56+03:00,3.074,69.5,4351,24.89
2025-10-05T21:35:02+03:00,3.073,69.5,4354,24.89
2025-10-05T21:37:05+03:00,3.074,69.6,4376,24.89
2025-10-05T21:39:07+03:00,3.075,69.5,4384,24.9
2025-10-05T21:42:56+03:00,3.075,69.4,4400,24.92
2025-10-05T21:45:11+03:00,3.073,69.3,4401,24.89
2025-10-05T21:52:50+03:00,3.075,69.4,4412,24.86
2025-10-05T21:52:57+03:00,3.075,69.3,4413,24.86
2025-10-05T21:56:35+03:00,3.074,69.4,4419,24.85
2025-10-05T21:59:17+03:00,3.075,69.5,4422,24.85
2025-10-05T22:02:55+03:00,3.074,69.6,4426,24.83
2025-10-05T22:03:11+03:00,3.074,69.7,4427,24.86
2025-10-05T22:05:55+03:00,3.075,69.8,4428,24.83
2025-10-05T22:10:54+03:00,3.073,69.9,4432,24.82
2025-10-05T22:12:55+03:00,3.076,70.0,4440,24.82
2025-10-05T22:13:02+03:00,3.075,70.1,4441,24.82
2025-10-05T22:15:03+03:00,3.074,70.2,4460,24.82
2025-10-05T22:17:16+03:00,3.074,69.9,4462,24.83
2025-10-05T22:19:20+03:00,3.075,69.8,4465,24.85
2025-10-05T22:22:21+03:00,3.074,69.6,4468,24.85
2025-10-05T22:22:55+03:00,3.074,69.7,4473,24.83
2025-10-05T22:24:24+03:00,3.077,69.8,4489,24.86
2025-10-05T22:26:28+03:00,3.075,70.5,4515,24.85
2025-10-05T22:28:29+03:00,3.074,70.4,4532,24.86
2025-10-05T22:30:29+03:00,3.074,70.2,4550,24.87
2025-10-05T22:32:32+03:00,3.074,70.3,4577,24.87
2025-10-05T22:32:55+03:00,3.076,70.3,4582,24.86
2025-10-05T22:34:41+03:00,3.075,70.9,4607,24.9
2025-10-05T22:42:54+03:00,3.075,71.0,4607,24.85
2025-10-05T22:49:36+03:00,3.076,70.5,4608,24.85
2025-10-05T22:52:54+03:00,3.074,70.4,4617,24.82
2025-10-05T22:54:02+03:00,3.076,70.6,4618,24.82
2025-10-05T22:56:59+03:00,3.075,70.7,4622,24.83
2025-10-07T16:12:12+03:00,3.076,63.1,5661,25.33
2025-10-07T16:22:15+03:00,3.077,66.1,5661,25.24
2025-10-07T16:42:12+03:00,3.078,67.5,5661,25.19
2025-10-07T21:16:05+03:00,3.076,73.3,6445,25.02
2025-10-07T21:18:10+03:00,3.075,73.2,6455,25.02
2025-10-07T21:22:09+03:00,3.076,73.6,6477,25.03
2025-10-07T21:22:29+03:00,3.075,73.6,6482,25.03
2025-10-07T21:24:40+03:00,3.076,73.6,6510,25.02
2025-10-07T21:26:43+03:00,3.076,73.0,6532,25.03
2025-10-07T21:28:53+03:00,3.077,73.3,6555,25.02
2025-10-07T21:31:12+03:00,3.077,73.6,6572,25.05
2025-10-07T21:32:07+03:00,3.077,73.8,6577,25.03
2025-10-07T21:33:16+03:00,3.076,73.8,6592,25.03
2025-10-07T21:35:41+03:00,3.076,73.9,6598,25.06
2025-10-07T21:38:28+03:00,3.075,74.0,6612,25.05
2025-10-07T21:40:31+03:00,3.076,73.9,6628,25.08
2025-10-07T21:42:08+03:00,3.075,74.1,6642,25.12
2025-10-07T21:42:50+03:00,3.077,74.2,6644,25.09
2025-10-07T21:44:57+03:00,3.076,74.1,6663,25.08
2025-10-07T21:47:46+03:00,3.076,74.1,6675,25.09
2025-10-07T21:50:57+03:00,3.077,74.3,6681,25.12
2025-10-07T21:52:06+03:00,3.076,74.1,6682,25.1
2025-10-07T21:56:13+03:00,3.077,74.0,6684,25.1
2025-10-08T12:21:53+03:00,3.078,69.5,7064,25.24
2025-10-08T12:31:51+03:00,3.077,69.5,7064,25.23
2025-10-08T12:41:59+03:00,3.076,68.5,7064,25.23
2025-10-08T12:51:50+03:00,3.077,68.1,7064,25.2
2025-10-08T13:01:50+03:00,3.077,68.5,7064,25.21
2025-10-08T13:11:51+03:00,3.077,69.0,7064,25.24
2025-10-08T15:51:48+03:00,3.077,70.7,7064,25.61
2025-10-06T16:12:36+03:00,3.076,71.7,4919,23.83
2025-10-06T16:22:36+03:00,3.076,71.4,4919,23.82
2025-10-06T16:32:36+03:00,3.074,71.5,4919,23.89
2025-10-06T16:42:36+03:00,3.075,71.7,4919,23.92
2025-10-06T16:52:36+03:00,3.076,71.9,4919,23.97
2025-10-06T17:02:35+03:00,3.076,71.8,4919,24.0
2025-10-06T17:12:35+03:00,3.078,71.8,4919,24.04
2025-10-06T17:22:35+03:00,3.077,71.7,4919,24.06
2025-10-06T17:42:35+03:00,3.077,72.7,4919,24.06
2025-10-06T17:52:34+03:00,3.077,72.7,4919,24.1
2025-10-06T18:02:34+03:00,3.077,72.7,4919,24.09
2025-10-06T18:12:34+03:00,3.075,73.1,4919,24.09
2025-10-06T18:22:34+03:00,3.076,73.7,4919,24.1
2025-10-06T18:32:34+03:00,3.074,74.2,4919,24.16
2025-10-06T18:42:34+03:00,3.076,74.2,4919,24.16
2025-10-06T18:52:33+03:00,3.076,74.2,4919,24.13
2025-10-06T19:02:33+03:00,3.076,74.0,4919,24.16
2025-10-06T19:12:33+03:00,3.076,74.2,4919,24.19
2025-10-06T19:22:33+03:00,3.075,74.4,4919,24.14
2025-10-06T19:32:33+03:00,3.077,74.6,4919,24.16
2025-10-06T19:42:33+03:00,3.076,74.3,4919,24.14
2025-10-06T19:52:32+03:00,3.076,74.6,4919,24.16
2025-10-06T20:02:32+03:00,3.076,75.0,4919,24.14
2025-10-06T20:12:32+03:00,3.076,74.9,4919,24.13
2025-10-06T20:22:32+03:00,3.076,74.8,4919,24.13
2025-10-06T20:32:32+03:00,3.077,74.7,4919,24.07
2025-10-06T20:42:32+03:00,3.077,74.9,4919,24.1
2025-10-06T20:52:31+03:00,3.076,73.8,4919,24.1
2025-10-06T21:02:31+03:00,3.077,72.3,4919,24.11
2025-10-06T21:12:31+03:00,3.077,71.9,4919,24.13
2025-10-06T21:21:57+03:00,3.076,72.0,4920,24.13
2025-10-06T21:22:31+03:00,3.077,72.2,4930,24.17
2025-10-06T21:23:58+03:00,3.077,72.1,4950,24.19
2025-10-06T21:26:00+03:00,3.076,72.3,4973,24.16
2025-10-06T21:28:58+03:00,3.076,72.3,4986,24.16
2025-10-06T21:31:00+03:00,3.077,72.5,5008,24.16
2025-10-06T21:32:31+03:00,3.077,72.5,5016,24.13
2025-10-06T21:33:00+03:00,3.078,72.6,5021,24.14
2025-10-06T21:35:01+03:00,3.075,72.6,5036,24.14
2025-10-06T21:37:10+03:00,3.077,72.5,5055,24.1
2025-10-06T21:39:23+03:00,3.076,72.2,5059,24.14
2025-10-06T21:42:30+03:00,3.075,72.1,5061,24.13
2025-10-06T21:45:40+03:00,3.076,72.1,5062,24.11
2025-10-06T21:48:06+03:00,3.076,72.2,5065,24.11
2025-10-06T21:52:15+03:00,3.077,72.2,5066,24.09
2025-10-06T21:52:30+03:00,3.076,72.2,5068,24.1
2025-10-06T21:56:17+03:00,3.076,72.1,5074,24.09
2025-10-06T21:58:45+03:00,3.077,72.1,5085,24.1
2025-10-06T22:02:30+03:00,3.074,72.0,5089,24.06
2025-10-06T22:02:37+03:00,3.076,72.0,5090,24.09
2025-10-06T22:04:45+03:00,3.076,72.1,5099,24.06
2025-10-06T22:07:30+03:00,3.076,72.1,5100,24.07
2025-10-06T22:09:52+03:00,3.077,72.1,5105,24.07
2025-10-06T22:12:30+03:00,3.076,72.2,5111,24.04
2025-10-06T22:12:37+03:00,3.076,72.1,5112,24.07
2025-10-06T22:17:04+03:00,3.075,72.2,5116,24.06
2025-10-06T22:22:30+03:00,3.075,72.2,5116,24.06
2025-10-06T22:24:09+03:00,3.076,72.1,5117,24.03
2025-10-06T22:28:37+03:00,3.077,72.1,5128,24.04
2025-10-06T22:32:30+03:00,3.076,72.2,5128,24.02
2025-10-06T22:34:39+03:00,3.077,72.2,5129,24.04
2025-10-06T22:39:07+03:00,3.075,72.3,5131,24.02
2025-10-06T22:42:17+03:00,3.077,72.3,5134,24.02
2025-10-06T22:42:29+03:00,3.076,72.3,5134,24.03
2025-10-06T22:44:55+03:00,3.076,72.4,5138,23.97
2025-10-06T22:49:19+03:00,3.076,72.5,5141,23.99
2025-10-06T22:52:29+03:00,3.077,72.5,5143,23.97
2025-10-06T22:52:36+03:00,3.077,72.4,5144,23.96
2025-10-06T22:56:52+03:00,3.075,72.4,5145,23.95
2025-10-06T23:01:28+03:00,3.077,72.6,5150,23.97
2025-10-06T23:02:29+03:00,3.077,72.7,5152,23.95
2025-10-06T23:05:22+03:00,3.076,72.9,5157,23.95
2025-10-06T23:12:29+03:00,3.075,73.1,5166,23.95
2025-10-06T23:19:56+03:00,3.077,73.5,5167,23.93
2025-10-06T23:22:29+03:00,3.077,73.5,5167,23.93
2025-10-06T23:32:29+03:00,3.077,73.5,5167,23.92
2025-10-06T23:35:19+03:00,3.077,73.5,5168,23.92
2025-10-06T23:39:38+03:00,3.077,73.5,5173,23.9
2025-10-06T23:42:28+03:00,3.077,73.5,5183,23.93
2025-10-06T23:48:49+03:00,3.077,73.4,5184,23.92
2025-10-06T23:52:28+03:00,3.077,73.8,5188,23.9
2025-10-06T23:56:12+03:00,3.075,73.9,5189,23.9
2025-10-06T23:58:36+03:00,3.077,73.9,5198,23.9
2025-10-07T00:02:13+03:00,3.076,74.0,5206,23.92
2025-10-07T00:02:28+03:00,3.076,74.1,5207,23.92
2025-10-07T00:05:52+03:00,3.076,74.3,5211,23.93
2025-10-07T00:08:08+03:00,3.076,74.8,5224,23.92
2025-10-07T00:10:09+03:00,3.076,75.0,5236,23.93
2025-10-07T00:12:28+03:00,3.077,74.8,5242,23.93
2025-10-07T00:22:28+03:00,3.076,74.6,5242,23.89
2025-10-07T00:26:05+03:00,3.076,74.9,5243,23.9
2025-10-07T00:32:27+03:00,3.076,73.8,5246,23.83
2025-10-07T00:42:27+03:00,3.076,74.3,5246,23.72
2025-10-07T00:52:27+03:00,3.077,74.1,5246,23.71
2025-10-07T01:02:27+03:00,3.078,74.1,5246,23.66
2025-10-07T01:12:02+03:00,3.077,74.6,5247,23.64
2025-10-07T01:12:27+03:00,3.076,74.6,5247,23.65
2025-10-07T01:22:27+03:00,3.076,74.4,5247,23.64
2025-10-07T01:32:26+03:00,3.077,74.0,5247,23.58
2025-10-08T16:11:48+03:00,3.077,71.0,7064,25.63
2025-10-08T16:21:47+03:00,3.075,71.0,7064,25.67
2025-10-08T16:31:47+03:00,3.077,70.3,7064,25.65
2025-10-10T15:50:57+03:00,3.08,64.1,7091,26.24
2025-10-10T16:00:57+03:00,3.08,63.6,7091,26.26
2025-10-08T16:11:46+03:00,3.077,71.0,7064,25.63
2025-10-08T16:21:46+03:00,3.075,71.0,7064,25.67
2025-10-08T16:31:46+03:00,3.077,70.3,7064,25.65
2025-10-08T16:41:46+03:00,3.075,68.7,7064,25.65
2025-10-08T16:51:45+03:00,3.077,67.9,7064,25.68
2025-10-08T17:01:45+03:00,3.076,67.7,7064,25.67
2025-10-08T17:11:45+03:00,3.077,67.8,7064,25.63
2025-10-08T17:21:45+03:00,3.078,68.6,7064,25.61
2025-10-08T17:31:45+03:00,3.077,68.4,7064,25.61
2025-10-08T17:41:44+03:00,3.077,68.8,7064,25.58
2025-10-08T17:51:44+03:00,3.076,69.3,7064,25.51
2025-10-08T18:01:44+03:00,3.077,69.6,7064,25.52
2025-10-08T18:11:44+03:00,3.078,69.9,7064,25.45
2025-10-08T18:21:44+03:00,3.076,69.8,7064,25.47
2025-10-08T18:31:44+03:00,3.077,69.7,7064,25.4
2025-10-08T18:41:43+03:00,3.08,69.6,7064,25.34
2025-10-08T18:51:43+03:00,3.077,69.8,7064,25.29
2025-10-08T19:01:43+03:00,3.078,70.0,7064,25.26
2025-10-08T19:11:43+03:00,3.08,70.6,7064,25.27
2025-10-08T19:21:43+03:00,3.077,71.2,7064,25.26
2025-10-08T19:31:43+03:00,3.078,71.3,7064,25.27
2025-10-08T19:41:42+03:00,3.076,71.4,7064,25.27
2025-10-08T19:51:42+03:00,3.078,71.7,7064,25.24
2025-10-08T20:01:42+03:00,3.078,71.9,7064,25.24
2025-10-08T20:11:42+03:00,3.077,72.0,7064,25.24
2025-10-08T20:21:42+03:00,3.079,71.9,7064,25.21
2025-10-08T20:31:42+03:00,3.078,71.9,7064,25.19
2025-10-08T20:41:41+03:00,3.078,72.1,7064,25.17
2025-10-08T20:51:41+03:00,3.077,72.0,7064,25.14
2025-10-08T21:01:41+03:00,3.077,72.1,7064,25.19
2025-10-08T21:11:41+03:00,3.076,72.0,7064,25.21
2025-10-08T21:21:41+03:00,3.078,71.8,7064,25.2
2025-10-08T21:31:41+03:00,3.078,72.1,7064,25.19
2025-10-08T21:41:40+03:00,3.076,72.0,7064,25.17
2025-10-08T21:51:40+03:00,3.079,72.0,7064,25.14
2025-10-08T22:01:40+03:00,3.08,71.9,7064,25.13
2025-10-08T22:11:40+03:00,3.077,72.0,7064,25.12
2025-10-08T22:21:40+03:00,3.078,71.8,7064,25.16
2025-10-08T22:31:39+03:00,3.079,71.7,7064,25.1
2025-10-08T22:41:39+03:00,3.078,71.7,7064,25.09
2025-10-08T22:51:39+03:00,3.076,71.7,7064,25.08
2025-10-08T23:01:39+03:00,3.078,71.6,7064,25.06
2025-10-08T23:11:39+03:00,3.078,71.6,7064,25.05
2025-10-08T23:21:39+03:00,3.078,71.8,7064,25.03
2025-10-08T23:41:38+03:00,3.078,72.0,7064,24.97
2025-10-08T23:51:38+03:00,3.079,72.4,7064,24.96
2025-10-09T00:01:38+03:00,3.078,73.3,7064,25.02
2025-10-09T00:11:38+03:00,3.077,72.6,7064,25.03
2025-10-09T00:21:38+03:00,3.079,73.3,7064,25.05
2025-10-09T00:31:37+03:00,3.078,72.1,7064,25.0
2025-10-09T00:41:37+03:00,3.078,72.5,7064,24.99
2025-10-09T00:51:37+03:00,3.078,72.5,7064,24.99
2025-10-09T01:01:37+03:00,3.079,72.6,7064,24.97
2025-10-09T01:11:37+03:00,3.079,72.3,7064,24.93
2025-10-09T01:21:37+03:00,3.078,72.3,7064,24.92
2025-10-09T01:31:36+03:00,3.08,71.8,7064,24.9
2025-10-09T01:41:36+03:00,3.077,72.1,7064,24.9
2025-10-09T01:51:36+03:00,3.08,72.1,7064,24.87
2025-10-09T02:01:36+03:00,3.078,72.1,7064,24.86
2025-10-09T02:11:36+03:00,3.079,72.4,7064,24.58
2025-10-09T02:21:35+03:00,3.078,73.0,7064,24.48
2025-10-09T02:31:35+03:00,3.08,71.7,7064,24.24
2025-10-09T02:41:35+03:00,3.078,71.5,7064,24.16
2025-10-09T02:51:35+03:00,3.077,71.2,7064,24.13
2025-10-09T03:01:35+03:00,3.079,70.9,7064,23.97
2025-10-09T03:11:35+03:00,3.078,71.4,7064,23.83
2025-10-09T03:21:34+03:00,3.079,69.8,7064,23.51
2025-10-09T03:31:34+03:00,3.078,69.8,7064,23.54
2025-10-09T03:41:34+03:00,3.079,67.5,7064,23.49
2025-10-09T03:51:34+03:00,3.078,68.3,7064,23.65
2025-10-09T04:01:34+03:00,3.079,68.6,7064,23.75
2025-10-09T04:11:34+03:00,3.08,68.9,7064,23.82
2025-10-09T04:21:33+03:00,3.08,68.3,7064,23.69
2025-10-09T04:31:33+03:00,3.079,68.5,7064,23.76
2025-10-09T04:41:33+03:00,3.078,68.2,7064,23.83
2025-10-09T04:51:33+03:00,3.079,68.1,7064,23.83
2025-10-09T05:01:33+03:00,3.079,68.2,7064,23.83
2025-10-09T05:11:32+03:00,3.079,68.5,7064,23.86
2025-10-09T05:21:32+03:00,3.078,69.0,7064,23.87
2025-10-09T05:31:32+03:00,3.079,69.5,7064,23.9
2025-10-09T05:41:32+03:00,3.079,69.8,7064,23.86
2025-10-09T05:51:32+03:00,3.081,70.3,7064,23.8
2025-10-09T06:01:32+03:00,3.08,70.1,7064,23.8
2025-10-09T06:11:31+03:00,3.079,69.2,7064,23.73
2025-10-09T06:21:31+03:00,3.079,68.8,7064,23.76
2025-10-09T06:31:31+03:00,3.076,68.7,7064,23.77
2025-10-09T06:41:31+03:00,3.079,69.0,7064,23.8
2025-10-09T06:51:31+03:00,3.077,68.6,7064,23.75
2025-10-09T07:01:31+03:00,3.078,69.3,7064,23.8
2025-10-09T07:11:30+03:00,3.078,69.3,7064,23.83
2025-10-09T07:21:30+03:00,3.08,69.4,7064,23.83
2025-10-09T07:31:30+03:00,3.078,69.8,7064,23.89
2025-10-09T07:41:30+03:00,3.079,69.1,7064,23.89
2025-10-09T07:51:30+03:00,3.079,69.3,7064,23.86
2025-10-09T08:01:30+03:00,3.079,69.9,7064,23.92
2025-10-09T08:11:29+03:00,3.077,69.6,7064,23.96
2025-10-09T08:21:29+03:00,3.079,68.5,7064,24.0
2025-10-09T08:31:29+03:00,3.08,69.5,7064,24.0
2025-10-09T08:41:29+03:00,3.079,69.6,7064,24.03
2025-10-10T16:10:57+03:00,3.08,64.0,7091,26.26
2025-10-10T16:20:57+03:00,3.081,61.1,7091,26.33
2025-10-10T16:40:56+03:00,3.079,61.7,7091,26.29
